depmap_id,stripped_cell_line_name,cellosaurus_id,ccle_vcf_id,ccle_vcf_id_no_space
ACH-000004,HEL,CVCL_0001,HEL_HAEMATOPOIETIC_AND_LYMPHOID_TISSUE,HEL_HAEMATOPOIETIC_AND_LYMPHOID_TISSUE
ACH-000007,LS513,CVCL_1386,LS513_LARGE_INTESTINE,LS513_LARGE_INTESTINE
ACH-000009,C2BBE1,CVCL_1096,C2BBE1_LARGE_INTESTINE,C2BBE1_LARGE_INTESTINE
ACH-000012,HCC827,CVCL_2063,HCC827_LUNG,HCC827_LUNG
ACH-000015,NCIH1581,CVCL_1479,NCIH1581_LUNG,NCIH1581_LUNG
ACH-000019,MCF7,CVCL_0031,MCF7,MCF7
ACH-000021,NCIH1693,CVCL_1488,NCIH1693_LUNG,NCIH1693_LUNG
ACH-000022,PATU8988S,CVCL_1846,PA-TU-8988S,PA-TU-8988S
ACH-000024,OPM2,CVCL_1625,OPM2_HAEMATOPOIETIC_AND_LYMPHOID_TISSUE,OPM2_HAEMATOPOIETIC_AND_LYMPHOID_TISSUE
ACH-000030,PC14,CVCL_1640,PC14_LUNG,PC14_LUNG
ACH-000035,NCIH1650,CVCL_1483,NCIH1650_LUNG,NCIH1650_LUNG
ACH-000036,U343,CVCL_4773,U343,U343
ACH-000037,S117,CVCL_1674,S117_SOFT_TISSUE,S117_SOFT_TISSUE
ACH-000041,RDES,CVCL_2169,RD-ES,RD-ES
ACH-000042,PANC0203,CVCL_1633,PANC0203_PANCREAS,PANC0203_PANCREAS
ACH-000045,MV411,CVCL_0064,MV411_HAEMATOPOIETIC_AND_LYMPHOID_TISSUE,MV411_HAEMATOPOIETIC_AND_LYMPHOID_TISSUE
ACH-000047,GCIY,CVCL_1228,GCIY_STOMACH,GCIY_STOMACH
ACH-000052,A673,CVCL_0080,A673_BONE,A673_BONE
ACH-000053,KARPAS299,CVCL_1324,KARPAS299_HAEMATOPOIETIC_AND_LYMPHOID_TISSUE,KARPAS299_HAEMATOPOIETIC_AND_LYMPHOID_TISSUE
ACH-000054,HT1080,CVCL_0317,HT1080_SOFT_TISSUE,HT1080_SOFT_TISSUE
ACH-000067,HS683,CVCL_0844,HS683_CENTRAL_NERVOUS_SYSTEM,HS683_CENTRAL_NERVOUS_SYSTEM
ACH-000070,697,CVCL_0079,697_HAEMATOPOIETIC_AND_LYMPHOID_TISSUE,697_HAEMATOPOIETIC_AND_LYMPHOID_TISSUE
ACH-000074,KU812,CVCL_0379,KU812_HAEMATOPOIETIC_AND_LYMPHOID_TISSUE,KU812_HAEMATOPOIETIC_AND_LYMPHOID_TISSUE
ACH-000075,U87MG,CVCL_0022,U87MG_CENTRAL_NERVOUS_SYSTEM,U87MG_CENTRAL_NERVOUS_SYSTEM
ACH-000078,MHHNB11,CVCL_1412,MHHNB11_AUTONOMIC_GANGLIA,MHHNB11_AUTONOMIC_GANGLIA
ACH-000087,SKES1,CVCL_0627,SKES1_BONE,SKES1_BONE
ACH-000092,NCIH2452,CVCL_1553,NCIH2452_PLEURA,NCIH2452_PLEURA
ACH-000096,G401,CVCL_0270,G401_SOFT_TISSUE,G401_SOFT_TISSUE
ACH-000098,GAMG,CVCL_1226,GAMG_CENTRAL_NERVOUS_SYSTEM,GAMG_CENTRAL_NERVOUS_SYSTEM
ACH-000099,SIMA,CVCL_1695,SIMA_AUTONOMIC_GANGLIA,SIMA_AUTONOMIC_GANGLIA
ACH-000108,KP3,CVCL_3005,KP3_PANCREAS,KP3_PANCREAS
ACH-000111,HCC1187,CVCL_1247,HCC1187_BREAST,HCC1187_BREAST
ACH-000113,OCIAML2,CVCL_1619,OCIAML2_HAEMATOPOIETIC_AND_LYMPHOID_TISSUE,OCIAML2_HAEMATOPOIETIC_AND_LYMPHOID_TISSUE
ACH-000114,SU8686,CVCL_3881,SU8686_PANCREAS,SU8686_PANCREAS
ACH-000115,VCAP,CVCL_2235,VCAP_PROSTATE,VCAP_PROSTATE
ACH-000116,OAW28,CVCL_1614,OAW28_OVARY,OAW28_OVARY
ACH-000118,HUPT3,CVCL_1299,HUPT3_PANCREAS,HUPT3_PANCREAS
ACH-000120,CHP212,CVCL_1125,CHP212_AUTONOMIC_GANGLIA,CHP212_AUTONOMIC_GANGLIA
ACH-000132,JHOS2,CVCL_4647,JHOS2_OVARY,JHOS2_OVARY
ACH-000137,8MGBA,CVCL_1052,8MGBA_CENTRAL_NERVOUS_SYSTEM,8MGBA_CENTRAL_NERVOUS_SYSTEM
ACH-000138,CFPAC1,CVCL_1119,CFPAC1_PANCREAS,CFPAC1_PANCREAS
ACH-000142,CAL29,CVCL_1808,CAL29_URINARY_TRACT,CAL29_URINARY_TRACT
ACH-000143,HCC2429,CVCL_5132,HCC2429,HCC2429
ACH-000146,THP1,CVCL_0006,THP1_HAEMATOPOIETIC_AND_LYMPHOID_TISSUE,THP1_HAEMATOPOIETIC_AND_LYMPHOID_TISSUE
ACH-000147,T47D,CVCL_0553,T47D_BREAST,T47D_BREAST
ACH-000148,HS578T,CVCL_0332,HS578T_BREAST,HS578T_BREAST
ACH-000151,JM1,CVCL_3532,JM1_HAEMATOPOIETIC_AND_LYMPHOID_TISSUE,JM1_HAEMATOPOIETIC_AND_LYMPHOID_TISSUE
ACH-000159,OSRC2,CVCL_1626,OSRC2_KIDNEY,OSRC2_KIDNEY
ACH-000164,PANC1,CVCL_0480,PANC-1,PANC-1
ACH-000169,RD,CVCL_1649,RD_SOFT_TISSUE,RD_SOFT_TISSUE
ACH-000172,TM87,CVCL_8001,TM-87,TM-87
ACH-000174,CAL62,CVCL_1112,CAL62_THYROID,CAL62_THYROID
ACH-000178,HS766T,CVCL_0334,HS766T_PANCREAS,HS766T_PANCREAS
ACH-000183,L363,CVCL_1357,L363_HAEMATOPOIETIC_AND_LYMPHOID_TISSUE,L363_HAEMATOPOIETIC_AND_LYMPHOID_TISSUE
ACH-000187,CORL311,CVCL_2412,COR-L311,COR-L311
ACH-000188,SCC25,CVCL_1682,SCC25_UPPER_AERODIGESTIVE_TRACT,SCC25_UPPER_AERODIGESTIVE_TRACT
ACH-000189,RCC10RGB,CVCL_1647,RCC10RGB_KIDNEY,RCC10RGB_KIDNEY
ACH-000190,HDMYZ,CVCL_1273,HDMYZ_HAEMATOPOIETIC_AND_LYMPHOID_TISSUE,HDMYZ_HAEMATOPOIETIC_AND_LYMPHOID_TISSUE
ACH-000200,NMCG1,CVCL_1608,NMCG1_CENTRAL_NERVOUS_SYSTEM,NMCG1_CENTRAL_NERVOUS_SYSTEM
ACH-000202,COLO320,CVCL_1989,COLO320_LARGE_INTESTINE,COLO320_LARGE_INTESTINE
ACH-000204,LP1,CVCL_0012,LP1_HAEMATOPOIETIC_AND_LYMPHOID_TISSUE,LP1_HAEMATOPOIETIC_AND_LYMPHOID_TISSUE
ACH-000207,DETROIT562,CVCL_1171,DETROIT562_UPPER_AERODIGESTIVE_TRACT,DETROIT562_UPPER_AERODIGESTIVE_TRACT
ACH-000211,DAOY,CVCL_1167,DAOY_CENTRAL_NERVOUS_SYSTEM,DAOY_CENTRAL_NERVOUS_SYSTEM
ACH-000212,CAL120,CVCL_1104,CAL120_BREAST,CAL120_BREAST
ACH-000217,JHH6,CVCL_2788,JHH6_LIVER,JHH6_LIVER
ACH-000219,A375,CVCL_0132,A375_SKIN,A375_SKIN
ACH-000221,SNU398,CVCL_0077,SNU398_LIVER,SNU398_LIVER
ACH-000222,ASPC1,CVCL_0152,ASPC1_PANCREAS,ASPC1_PANCREAS
ACH-000226,SUPM2,CVCL_2209,SUPM2_HAEMATOPOIETIC_AND_LYMPHOID_TISSUE,SUPM2_HAEMATOPOIETIC_AND_LYMPHOID_TISSUE
ACH-000227,KPNYN,CVCL_1341,KPNYN_AUTONOMIC_GANGLIA,KPNYN_AUTONOMIC_GANGLIA
ACH-000228,BICR31,CVCL_2312,BICR31_UPPER_AERODIGESTIVE_TRACT,BICR31_UPPER_AERODIGESTIVE_TRACT
ACH-000231,KALS1,CVCL_1323,KALS1_CENTRAL_NERVOUS_SYSTEM,KALS1_CENTRAL_NERVOUS_SYSTEM
ACH-000235,PANC0403,CVCL_1636,PANC0403_PANCREAS,PANC0403_PANCREAS
ACH-000238,SCC4,CVCL_1684,SCC4_UPPER_AERODIGESTIVE_TRACT,SCC4_UPPER_AERODIGESTIVE_TRACT
ACH-000243,DANG,CVCL_0243,DANG_PANCREAS,DANG_PANCREAS
ACH-000244,DKMG,CVCL_1173,DKMG_CENTRAL_NERVOUS_SYSTEM,DKMG_CENTRAL_NERVOUS_SYSTEM
ACH-000247,OCUM1,CVCL_3084,OCUM1_STOMACH,OCUM1_STOMACH
ACH-000248,AU565,CVCL_1074,AU565_BREAST,AU565_BREAST
ACH-000249,CL11,CVCL_1978,CL11_LARGE_INTESTINE,CL11_LARGE_INTESTINE
ACH-000250,KMRC20,CVCL_2986,KMRC20_KIDNEY,KMRC20_KIDNEY
ACH-000251,NCIH2887,CVCL_5159,NCI-H2887,NCI-H2887
ACH-000257,CORL279,CVCL_1140,CORL279_LUNG,CORL279_LUNG
ACH-000258,DU4475,CVCL_1183,DU4475_BREAST,DU4475_BREAST
ACH-000259,KELLY,CVCL_2092,KELLY_AUTONOMIC_GANGLIA,KELLY_AUTONOMIC_GANGLIA
ACH-000260,SKNAS,CVCL_1700,SKNAS_AUTONOMIC_GANGLIA,SKNAS_AUTONOMIC_GANGLIA
ACH-000262,UOK101,CVCL_B076,UOK101,UOK101
ACH-000263,KASUMI1,CVCL_0589,KASUMI1_HAEMATOPOIETIC_AND_LYMPHOID_TISSUE,KASUMI1_HAEMATOPOIETIC_AND_LYMPHOID_TISSUE
ACH-000264,CALU6,CVCL_0236,CALU6_LUNG,CALU6_LUNG
ACH-000265,KP4,CVCL_1338,KP4_PANCREAS,KP4_PANCREAS
ACH-000271,SUDHL10,CVCL_1889,SUDHL10_HAEMATOPOIETIC_AND_LYMPHOID_TISSUE,SUDHL10_HAEMATOPOIETIC_AND_LYMPHOID_TISSUE
ACH-000276,HCC38,CVCL_1267,HCC38_BREAST,HCC38_BREAST
ACH-000277,HCC1419,CVCL_1251,HCC1419_BREAST,HCC1419_BREAST
ACH-000279,EWS502,CVCL_S740,EWS-502,EWS-502
ACH-000281,KP2,CVCL_3004,KP2_PANCREAS,KP2_PANCREAS
ACH-000288,BT549,CVCL_1092,BT549_BREAST,BT549_BREAST
ACH-000290,NCIH209,CVCL_1525,NCIH209_LUNG,NCIH209_LUNG
ACH-000291,OV90,CVCL_3768,OV90_OVARY,OV90_OVARY
ACH-000292,NCIH841,CVCL_1595,NCIH841_LUNG,NCIH841_LUNG
ACH-000293,KLE,CVCL_1329,KLE_ENDOMETRIUM,KLE_ENDOMETRIUM
ACH-000294,NB4,CVCL_0005,NB4_HAEMATOPOIETIC_AND_LYMPHOID_TISSUE,NB4_HAEMATOPOIETIC_AND_LYMPHOID_TISSUE
ACH-000295,EM2,CVCL_1196,EM2_HAEMATOPOIETIC_AND_LYMPHOID_TISSUE,EM2_HAEMATOPOIETIC_AND_LYMPHOID_TISSUE
ACH-000303,SNU5,CVCL_0078,SNU5_STOMACH,SNU5_STOMACH
ACH-000304,WM115,CVCL_0040,WM115_SKIN,WM115_SKIN
ACH-000305,ECGI10,CVCL_1187,ECGI10_OESOPHAGUS,ECGI10_OESOPHAGUS
ACH-000307,PK1,CVCL_4717,PK-1,PK-1
ACH-000308,EFO21,CVCL_0029,EFO21_OVARY,EFO21_OVARY
ACH-000311,NCIH2122,CVCL_1531,NCIH2122_LUNG,NCIH2122_LUNG
ACH-000318,TE10,CVCL_1760,TE10_OESOPHAGUS,TE10_OESOPHAGUS
ACH-000319,MPP89,CVCL_1427,MPP89_PLEURA,MPP89_PLEURA
ACH-000320,PSN1,CVCL_1644,PSN1_PANCREAS,PSN1_PANCREAS
ACH-000322,HT144,CVCL_0318,HT144_SKIN,HT144_SKIN
ACH-000323,42MGBA,CVCL_1798,42MGBA_CENTRAL_NERVOUS_SYSTEM,42MGBA_CENTRAL_NERVOUS_SYSTEM
ACH-000326,JURLMK1,CVCL_2086,JURL-MK1,JURL-MK1
ACH-000329,CCFSTTG1,CVCL_1118,CCFSTTG1_CENTRAL_NERVOUS_SYSTEM,CCFSTTG1_CENTRAL_NERVOUS_SYSTEM
ACH-000330,EFM19,CVCL_0253,EFM19_BREAST,EFM19_BREAST
ACH-000332,YAPC,CVCL_1794,YAPC_PANCREAS,YAPC_PANCREAS
ACH-000334,DB,CVCL_1168,DB_HAEMATOPOIETIC_AND_LYMPHOID_TISSUE,DB_HAEMATOPOIETIC_AND_LYMPHOID_TISSUE
ACH-000335,MSTO211H,CVCL_1430,MSTO211H_PLEURA,MSTO211H_PLEURA
ACH-000336,OCIAML3,CVCL_1844,OCIAML3_HAEMATOPOIETIC_AND_LYMPHOID_TISSUE,OCIAML3_HAEMATOPOIETIC_AND_LYMPHOID_TISSUE
ACH-000337,NCIH3122,CVCL_5160,NCI-H3122,NCI-H3122
ACH-000339,HCC461,CVCL_5135,HCC461,HCC461
ACH-000341,SKNFI,CVCL_1702,SKNFI_AUTONOMIC_GANGLIA,SKNFI_AUTONOMIC_GANGLIA
ACH-000343,NCIH522,CVCL_1567,NCIH522_LUNG,NCIH522_LUNG
ACH-000352,HCC1428,CVCL_1252,HCC1428_BREAST,HCC1428_BREAST
ACH-000355,NCIH82,CVCL_1591,NCIH82_LUNG,NCIH82_LUNG
ACH-000361,SKHEP1,CVCL_0525,SKHEP1_LIVER,SKHEP1_LIVER
ACH-000362,MOLM13,CVCL_2119,MOLM13_HAEMATOPOIETIC_AND_LYMPHOID_TISSUE,MOLM13_HAEMATOPOIETIC_AND_LYMPHOID_TISSUE
ACH-000364,U2OS,CVCL_0042,U2OS_BONE,U2OS_BONE
ACH-000365,SUDHL4,CVCL_0539,SUDHL4_HAEMATOPOIETIC_AND_LYMPHOID_TISSUE,SUDHL4_HAEMATOPOIETIC_AND_LYMPHOID_TISSUE
ACH-000366,SKNDZ,CVCL_1701,SKNDZ_AUTONOMIC_GANGLIA,SKNDZ_AUTONOMIC_GANGLIA
ACH-000371,RL,CVCL_1660,RL_HAEMATOPOIETIC_AND_LYMPHOID_TISSUE,RL_HAEMATOPOIETIC_AND_LYMPHOID_TISSUE
ACH-000374,HCC1143,CVCL_1245,HCC1143_BREAST,HCC1143_BREAST
ACH-000375,G402,CVCL_1221,G402_SOFT_TISSUE,G402_SOFT_TISSUE
ACH-000376,SF295,CVCL_1690,SF295_CENTRAL_NERVOUS_SYSTEM,SF295_CENTRAL_NERVOUS_SYSTEM
ACH-000378,NCIH647,CVCL_1574,NCIH647_LUNG,NCIH647_LUNG
ACH-000381,T84,CVCL_0555,T84_LARGE_INTESTINE,T84_LARGE_INTESTINE
ACH-000383,OE33,CVCL_0471,OE33_OESOPHAGUS,OE33_OESOPHAGUS
ACH-000389,H4,CVCL_1239,H4_CENTRAL_NERVOUS_SYSTEM,H4_CENTRAL_NERVOUS_SYSTEM
ACH-000391,MHHES1,CVCL_1411,MHHES1_BONE,MHHES1_BONE
ACH-000393,HLF,CVCL_2947,HLF,HLF
ACH-000395,NCIH520,CVCL_1566,NCIH520_LUNG,NCIH520_LUNG
ACH-000397,TEN,CVCL_E063,TEN,TEN
ACH-000403,NCIH747,CVCL_1587,NCIH747_LARGE_INTESTINE,NCIH747_LARGE_INTESTINE
ACH-000405,MEC1,CVCL_1870,MEC-1,MEC-1
ACH-000408,TE5,CVCL_1764,TE5_OESOPHAGUS,TE5_OESOPHAGUS
ACH-000410,SAOS2,CVCL_0548,SAOS2_BONE,SAOS2_BONE
ACH-000411,769P,CVCL_1050,769P_KIDNEY,769P_KIDNEY
ACH-000414,NCIH1944,CVCL_1508,NCIH1944_LUNG,NCIH1944_LUNG
ACH-000416,NCIH838,CVCL_1594,NCIH838_LUNG,NCIH838_LUNG
ACH-000417,PANC0813,CVCL_1638,PANC0813_PANCREAS,PANC0813_PANCREAS
ACH-000420,SNU449,CVCL_0454,SNU449_LIVER,SNU449_LIVER
ACH-000421,SW837,CVCL_1729,SW837_LARGE_INTESTINE,SW837_LARGE_INTESTINE
ACH-000422,SNU475,CVCL_0497,SNU475_LIVER,SNU475_LIVER
ACH-000424,TC71,CVCL_2213,TC-71,TC-71
ACH-000427,NCIN87,CVCL_1603,NCIN87_STOMACH,NCIN87_STOMACH
ACH-000431,NCIH1694,CVCL_1489,NCIH1694_LUNG,NCIH1694_LUNG
ACH-000433,CAKI1,CVCL_0234,CAKI1_KIDNEY,CAKI1_KIDNEY
ACH-000434,NCIH1915,CVCL_1505,NCIH1915_LUNG,NCIH1915_LUNG
ACH-000437,SW1088,CVCL_1715,SW1088_CENTRAL_NERVOUS_SYSTEM,SW1088_CENTRAL_NERVOUS_SYSTEM
ACH-000438,LU65,CVCL_1392,LU65_LUNG,LU65_LUNG
ACH-000441,SH4,CVCL_1692,SH4_SKIN,SH4_SKIN
ACH-000444,LU99,CVCL_3015,LU99_LUNG,LU99_LUNG
ACH-000448,NCIH1666,CVCL_1485,NCIH1666_LUNG,NCIH1666_LUNG
ACH-000450,MELHO,CVCL_1402,MELHO_SKIN,MELHO_SKIN
ACH-000452,TE8,CVCL_1766,TE8_OESOPHAGUS,TE8_OESOPHAGUS
ACH-000463,NCIH460,CVCL_0459,NCIH460_LUNG,NCIH460_LUNG
ACH-000464,CAS1,CVCL_1117,CAS1_CENTRAL_NERVOUS_SYSTEM,CAS1_CENTRAL_NERVOUS_SYSTEM
ACH-000467,HCC56,CVCL_2917,HCC56_LARGE_INTESTINE,HCC56_LARGE_INTESTINE
ACH-000469,YH13,CVCL_1795,YH13_CENTRAL_NERVOUS_SYSTEM,YH13_CENTRAL_NERVOUS_SYSTEM
ACH-000470,SW1463,CVCL_1718,SW1463_LARGE_INTESTINE,SW1463_LARGE_INTESTINE
ACH-000472,HSC2,CVCL_1287,HSC2_UPPER_AERODIGESTIVE_TRACT,HSC2_UPPER_AERODIGESTIVE_TRACT
ACH-000475,HUH1,CVCL_2956,huH-1,huH-1
ACH-000476,JHH4,CVCL_2787,JHH4_LIVER,JHH4_LIVER
ACH-000478,SNU387,CVCL_0250,SNU387_LIVER,SNU387_LIVER
ACH-000480,HUH7,CVCL_0336,HUH7_LIVER,HUH7_LIVER
ACH-000481,NCIH2170,CVCL_1535,NCIH2170_LUNG,NCIH2170_LUNG
ACH-000483,SNU182,CVCL_0090,SNU182_LIVER,SNU182_LIVER
ACH-000484,VMRCRCW,CVCL_1790,VMRCRCW_KIDNEY,VMRCRCW_KIDNEY
ACH-000486,KU1919,CVCL_1344,KU1919_URINARY_TRACT,KU1919_URINARY_TRACT
ACH-000488,TE11,CVCL_1761,TE11_OESOPHAGUS,TE11_OESOPHAGUS
ACH-000490,SF767,CVCL_6950,SF767,SF767
ACH-000491,NCIH716,CVCL_1581,NCIH716_LARGE_INTESTINE,NCIH716_LARGE_INTESTINE
ACH-000493,SNU423,CVCL_0366,SNU423_LIVER,SNU423_LIVER
ACH-000496,NCIH1792,CVCL_1495,NCIH1792_LUNG,NCIH1792_LUNG
ACH-000498,KO52,CVCL_1321,KO52_HAEMATOPOIETIC_AND_LYMPHOID_TISSUE,KO52_HAEMATOPOIETIC_AND_LYMPHOID_TISSUE
ACH-000499,EW8,CVCL_V618,EW8,EW8
ACH-000505,RKN,CVCL_3156,RKN_SOFT_TISSUE,RKN_SOFT_TISSUE
ACH-000510,NCIH1299,CVCL_0060,NCIH1299_LUNG,NCIH1299_LUNG
ACH-000514,NCIH1092,CVCL_1454,NCIH1092_LUNG,NCIH1092_LUNG
ACH-000516,CAL78,CVCL_1809,CAL78_BONE,CAL78_BONE
ACH-000518,CAL33,CVCL_1108,CAL33_UPPER_AERODIGESTIVE_TRACT,CAL33_UPPER_AERODIGESTIVE_TRACT
ACH-000521,NCIH2030,CVCL_1517,NCIH2030_LUNG,NCIH2030_LUNG
ACH-000522,UMUC3,CVCL_1783,UMUC3_URINARY_TRACT,UMUC3_URINARY_TRACT
ACH-000524,KURAMOCHI,CVCL_1345,KURAMOCHI_OVARY,KURAMOCHI_OVARY
ACH-000527,OVISE,CVCL_3116,OVISE_OVARY,OVISE_OVARY
ACH-000528,ABC1,CVCL_1066,ABC1_LUNG,ABC1_LUNG
ACH-000535,BXPC3,CVCL_0186,BXPC3_PANCREAS,BXPC3_PANCREAS
ACH-000544,OE21,CVCL_2661,OE21_OESOPHAGUS,OE21_OESOPHAGUS
ACH-000545,VMCUB1,CVCL_1786,VMCUB1_URINARY_TRACT,VMCUB1_URINARY_TRACT
ACH-000548,BHY,CVCL_1086,BHY_UPPER_AERODIGESTIVE_TRACT,BHY_UPPER_AERODIGESTIVE_TRACT
ACH-000551,K562,CVCL_0004,K562_HAEMATOPOIETIC_AND_LYMPHOID_TISSUE,K562_HAEMATOPOIETIC_AND_LYMPHOID_TISSUE
ACH-000552,HT29,CVCL_0320,HT29_LARGE_INTESTINE,HT29_LARGE_INTESTINE
ACH-000563,EBC1,CVCL_2891,EBC1_LUNG,EBC1_LUNG
ACH-000570,YKG1,CVCL_1796,YKG1_CENTRAL_NERVOUS_SYSTEM,YKG1_CENTRAL_NERVOUS_SYSTEM
ACH-000571,T98G,CVCL_0556,T98G_CENTRAL_NERVOUS_SYSTEM,T98G_CENTRAL_NERVOUS_SYSTEM
ACH-000573,MDAMB436,CVCL_0623,MDAMB436_BREAST,MDAMB436_BREAST
ACH-000577,JHH2,CVCL_2786,JHH2_LIVER,JHH2_LIVER
ACH-000579,UACC257,CVCL_1779,UACC257_SKIN,UACC257_SKIN
ACH-000580,C32,CVCL_1097,C32_SKIN,C32_SKIN
ACH-000583,MC116,CVCL_1399,MC116_HAEMATOPOIETIC_AND_LYMPHOID_TISSUE,MC116_HAEMATOPOIETIC_AND_LYMPHOID_TISSUE
ACH-000584,JHOS4,CVCL_4649,JHOS4_OVARY,JHOS4_OVARY
ACH-000585,EPLC272H,CVCL_1197,EPLC272H_LUNG,EPLC272H_LUNG
ACH-000587,NCIH1975,CVCL_1511,NCIH1975_LUNG,NCIH1975_LUNG
ACH-000589,NCIH1437,CVCL_1472,NCIH1437_LUNG,NCIH1437_LUNG
ACH-000591,LN235,CVCL_3957,LN-235,LN-235
ACH-000596,LCLC97TM1,CVCL_1376,LCLC97TM1_LUNG,LCLC97TM1_LUNG
ACH-000599,PATU8902,CVCL_1845,PATU8902_PANCREAS,PATU8902_PANCREAS
ACH-000601,MIAPACA2,CVCL_0428,MIAPACA2_PANCREAS,MIAPACA2_PANCREAS
ACH-000605,TE6,CVCL_1765,TE6_OESOPHAGUS,TE6_OESOPHAGUS
ACH-000607,KYM1,CVCL_3007,KYM1_SOFT_TISSUE,KYM1_SOFT_TISSUE
ACH-000616,HS746T,CVCL_0333,HS746T_STOMACH,HS746T_STOMACH
ACH-000619,PECAPJ15,CVCL_2678,PECAPJ15_UPPER_AERODIGESTIVE_TRACT,PECAPJ15_UPPER_AERODIGESTIVE_TRACT
ACH-000620,JHH1,CVCL_2785,JHH1_LIVER,JHH1_LIVER
ACH-000622,KNS42,CVCL_0378,KNS42_CENTRAL_NERVOUS_SYSTEM,KNS42_CENTRAL_NERVOUS_SYSTEM
ACH-000624,HCC1806,CVCL_1258,HCC1806_BREAST,HCC1806_BREAST
ACH-000627,LCLC103H,CVCL_1375,LCLC103H_LUNG,LCLC103H_LUNG
ACH-000633,FU97,CVCL_2908,FU97_STOMACH,FU97_STOMACH
ACH-000634,LN340,CVCL_3955,LN-340,LN-340
ACH-000637,KYSE520,CVCL_1355,KYSE520_OESOPHAGUS,KYSE520_OESOPHAGUS
ACH-000638,NCIH441,CVCL_1561,NCIH441_LUNG,NCIH441_LUNG
ACH-000639,NCIH211,CVCL_1529,NCIH211_LUNG,NCIH211_LUNG
ACH-000647,TE1,CVCL_1759,TE1_OESOPHAGUS,TE1_OESOPHAGUS
ACH-000649,786O,CVCL_1051,786O_KIDNEY,786O_KIDNEY
ACH-000651,SW620,CVCL_0547,SW620_LARGE_INTESTINE,SW620_LARGE_INTESTINE
ACH-000653,JJN3,CVCL_2078,JJN3_HAEMATOPOIETIC_AND_LYMPHOID_TISSUE,JJN3_HAEMATOPOIETIC_AND_LYMPHOID_TISSUE
ACH-000654,RAJI,CVCL_0511,RAJI_HAEMATOPOIETIC_AND_LYMPHOID_TISSUE,RAJI_HAEMATOPOIETIC_AND_LYMPHOID_TISSUE
ACH-000657,A2780,CVCL_0134,A2780_OVARY,A2780_OVARY
ACH-000662,CORL23,CVCL_1139,CORL23_LUNG,CORL23_LUNG
ACH-000663,OVTOKO,CVCL_3117,OVTOKO_OVARY,OVTOKO_OVARY
ACH-000665,SKMES1,CVCL_0630,SKMES1_LUNG,SKMES1_LUNG
ACH-000667,HCC44,CVCL_2060,HCC44_LUNG,HCC44_LUNG
ACH-000673,LN443,CVCL_3960,LN-443,LN-443
ACH-000676,LN464,CVCL_3962,LN-464,LN-464
ACH-000677,SW1573,CVCL_1720,SW1573_LUNG,SW1573_LUNG
ACH-000680,SW948,CVCL_0632,SW948_LARGE_INTESTINE,SW948_LARGE_INTESTINE
ACH-000681,A549,CVCL_0023,A549_LUNG,A549_LUNG
ACH-000682,SNU1066,CVCL_5005,SNU-1066,SNU-1066
ACH-000684,KMRC1,CVCL_2983,KMRC1_KIDNEY,KMRC1_KIDNEY
ACH-000693,KYSE180,CVCL_1349,KYSE180_OESOPHAGUS,KYSE180_OESOPHAGUS
ACH-000694,TE9,CVCL_1767,TE9_OESOPHAGUS,TE9_OESOPHAGUS
ACH-000696,OVCAR8,CVCL_1629,OVCAR8_OVARY,OVCAR8_OVARY
ACH-000697,A3KAW,CVCL_1062,A3KAW_HAEMATOPOIETIC_AND_LYMPHOID_TISSUE,A3KAW_HAEMATOPOIETIC_AND_LYMPHOID_TISSUE
ACH-000698,DMS53,CVCL_1177,DMS53_LUNG,DMS53_LUNG
ACH-000699,HCC1395,CVCL_1249,HCC1395_BREAST,HCC1395_BREAST
ACH-000702,L1236,CVCL_2096,L1236_HAEMATOPOIETIC_AND_LYMPHOID_TISSUE,L1236_HAEMATOPOIETIC_AND_LYMPHOID_TISSUE
ACH-000711,JIMT1,CVCL_2077,JIMT1_BREAST,JIMT1_BREAST
ACH-000713,CAOV3,CVCL_0201,CAOV3_OVARY,CAOV3_OVARY
ACH-000714,KMS11,CVCL_2989,KMS11_HAEMATOPOIETIC_AND_LYMPHOID_TISSUE,KMS11_HAEMATOPOIETIC_AND_LYMPHOID_TISSUE
ACH-000718,NCIH2291,CVCL_1546,NCIH2291_LUNG,NCIH2291_LUNG
ACH-000724,HT1376,CVCL_1292,HT1376_URINARY_TRACT,HT1376_URINARY_TRACT
ACH-000725,HCC202,CVCL_2062,HCC202_BREAST,HCC202_BREAST
ACH-000740,A253,CVCL_1060,A253_SALIVARY_GLAND,A253_SALIVARY_GLAND
ACH-000747,NCIH1703,CVCL_1490,NCIH1703_LUNG,NCIH1703_LUNG
ACH-000748,SJSA1,CVCL_1697,SJSA1_BONE,SJSA1_BONE
ACH-000754,L428,CVCL_1361,L428_HAEMATOPOIETIC_AND_LYMPHOID_TISSUE,L428_HAEMATOPOIETIC_AND_LYMPHOID_TISSUE
ACH-000756,GI1,CVCL_1231,GI1_CENTRAL_NERVOUS_SYSTEM,GI1_CENTRAL_NERVOUS_SYSTEM
ACH-000757,A427,CVCL_1055,A427,A427
ACH-000763,MM1S,CVCL_8792,MM1S_HAEMATOPOIETIC_AND_LYMPHOID_TISSUE,MM1S_HAEMATOPOIETIC_AND_LYMPHOID_TISSUE
ACH-000766,NCIH1648,CVCL_1482,NCIH1648_LUNG,NCIH1648_LUNG
ACH-000767,NCIH526,CVCL_1569,NCIH526_LUNG,NCIH526_LUNG
ACH-000768,MDAMB231,CVCL_0062,MDAMB231_BREAST,MDAMB231_BREAST
ACH-000769,LK2,CVCL_1377,LK2_LUNG,LK2_LUNG
ACH-000770,P31FUJ,CVCL_1632,P31FUJ_HAEMATOPOIETIC_AND_LYMPHOID_TISSUE,P31FUJ_HAEMATOPOIETIC_AND_LYMPHOID_TISSUE
ACH-000775,NCIH727,CVCL_1584,NCIH727_LUNG,NCIH727_LUNG
ACH-000776,ONS76,CVCL_1624,ONS76_CENTRAL_NERVOUS_SYSTEM,ONS76_CENTRAL_NERVOUS_SYSTEM
ACH-000778,HSC3,CVCL_1288,HSC3_UPPER_AERODIGESTIVE_TRACT,HSC3_UPPER_AERODIGESTIVE_TRACT
ACH-000781,NCIH2023,CVCL_1515,NCIH2023_LUNG,NCIH2023_LUNG
ACH-000783,CAMA1,CVCL_1115,CAMA1_BREAST,CAMA1_BREAST
ACH-000784,KYSE70,CVCL_1356,KYSE70_OESOPHAGUS,KYSE70_OESOPHAGUS
ACH-000785,NCIH2126,CVCL_1532,NCIH2126_LUNG,NCIH2126_LUNG
ACH-000787,LXF289,CVCL_1394,LXF289_LUNG,LXF289_LUNG
ACH-000790,SHP77,CVCL_1693,SHP77_LUNG,SHP77_LUNG
ACH-000792,BFTC909,CVCL_1084,BFTC909_KIDNEY,BFTC909_KIDNEY
ACH-000793,KATOIII,CVCL_0371,KATOIII_STOMACH,KATOIII_STOMACH
ACH-000800,NCIH446,CVCL_1562,NCIH446_LUNG,NCIH446_LUNG
ACH-000802,BFTC905,CVCL_1083,BFTC905_URINARY_TRACT,BFTC905_URINARY_TRACT
ACH-000804,NB1,CVCL_1440,NB1_AUTONOMIC_GANGLIA,NB1_AUTONOMIC_GANGLIA
ACH-000805,COLO679,CVCL_1130,COLO679_SKIN,COLO679_SKIN
ACH-000809,KYSE410,CVCL_1352,KYSE410_OESOPHAGUS,KYSE410_OESOPHAGUS
ACH-000810,SKMEL30,CVCL_0039,SKMEL30_SKIN,SKMEL30_SKIN
ACH-000811,SKOV3,CVCL_0532,SKOV3_OVARY,SKOV3_OVARY
ACH-000817,RPMI8226,CVCL_0014,RPMI8226_HAEMATOPOIETIC_AND_LYMPHOID_TISSUE,RPMI8226_HAEMATOPOIETIC_AND_LYMPHOID_TISSUE
ACH-000819,LN18,CVCL_0392,LN18_CENTRAL_NERVOUS_SYSTEM,LN18_CENTRAL_NERVOUS_SYSTEM
ACH-000821,EJM,CVCL_2030,EJM_HAEMATOPOIETIC_AND_LYMPHOID_TISSUE,EJM_HAEMATOPOIETIC_AND_LYMPHOID_TISSUE
ACH-000822,SKMEL24,CVCL_0599,SKMEL24_SKIN,SKMEL24_SKIN
ACH-000823,KYSE140,CVCL_1347,KYSE140_OESOPHAGUS,KYSE140_OESOPHAGUS
ACH-000824,KYSE510,CVCL_1354,KYSE510_OESOPHAGUS,KYSE510_OESOPHAGUS
ACH-000826,CAL12T,CVCL_1105,CAL12T_LUNG,CAL12T_LUNG
ACH-000832,CAL27,CVCL_1107,CAL27_UPPER_AERODIGESTIVE_TRACT,CAL27_UPPER_AERODIGESTIVE_TRACT
ACH-000835,GCT,CVCL_1229,GCT_SOFT_TISSUE,GCT_SOFT_TISSUE
ACH-000837,NCIH322,CVCL_1556,NCI-H322,NCI-H322
ACH-000838,AMO1,CVCL_1806,AMO1_HAEMATOPOIETIC_AND_LYMPHOID_TISSUE,AMO1_HAEMATOPOIETIC_AND_LYMPHOID_TISSUE
ACH-000839,SCABER,CVCL_3599,SCABER_URINARY_TRACT,SCABER_URINARY_TRACT
ACH-000840,HCC366,CVCL_2059,HCC366_LUNG,HCC366_LUNG
ACH-000841,NCIH2087,CVCL_1524,NCIH2087_LUNG,NCIH2087_LUNG
ACH-000843,HARA,CVCL_2914,HARA_LUNG,HARA_LUNG
ACH-000846,FADU,CVCL_1218,FADU_UPPER_AERODIGESTIVE_TRACT,FADU_UPPER_AERODIGESTIVE_TRACT
ACH-000847,HGC27,CVCL_1279,HGC27_STOMACH,HGC27_STOMACH
ACH-000848,JHH7,CVCL_2805,JHH7_LIVER,JHH7_LIVER
ACH-000849,MDAMB468,CVCL_0419,MDAMB468_BREAST,MDAMB468_BREAST
ACH-000853,NCIH661,CVCL_1577,NCIH661_LUNG,NCIH661_LUNG
ACH-000855,KYSE150,CVCL_1348,KYSE150_OESOPHAGUS,KYSE150_OESOPHAGUS
ACH-000856,CAL51,CVCL_1110,CAL51_BREAST,CAL51_BREAST
ACH-000858,KNS62,CVCL_1335,KNS62_LUNG,KNS62_LUNG
ACH-000859,HCC1954,CVCL_1259,HCC1954_BREAST,HCC1954_BREAST
ACH-000860,NCIH358,CVCL_1559,NCIH358_LUNG,NCIH358_LUNG
ACH-000865,KYSE450,CVCL_1353,KYSE450_OESOPHAGUS,KYSE450_OESOPHAGUS
ACH-000866,NCIH1048,CVCL_1453,NCIH1048_LUNG,NCIH1048_LUNG
ACH-000867,CHAGOK1,CVCL_1121,CHAGOK1_LUNG,CHAGOK1_LUNG
ACH-000869,NCIH1568,CVCL_1476,NCIH1568_LUNG,NCIH1568_LUNG
ACH-000872,HCC515,CVCL_5136,HCC515,HCC515
ACH-000873,KYSE270,CVCL_1350,KYSE270_OESOPHAGUS,KYSE270_OESOPHAGUS
ACH-000876,MDAMB415,CVCL_0621,MDA-MB-415,MDA-MB-415
ACH-000878,HCC15,CVCL_2057,HCC15_LUNG,HCC15_LUNG
ACH-000880,AGS,CVCL_0139,AGS_STOMACH,AGS_STOMACH
ACH-000881,MELJUSO,CVCL_1403,MELJUSO_SKIN,MELJUSO_SKIN
ACH-000885,TOV21G,CVCL_3613,TOV21G_OVARY,TOV21G_OVARY
ACH-000886,NCIH2009,CVCL_1514,NCIH2009_LUNG,NCIH2009_LUNG
ACH-000887,SF172,CVCL_V613,SF172,SF172
ACH-000888,NCIH1793,CVCL_1496,NCIH1793_LUNG,NCIH1793_LUNG
ACH-000890,SW1271,CVCL_1716,SW1271_LUNG,SW1271_LUNG
ACH-000896,647V,CVCL_1049,647V_URINARY_TRACT,647V_URINARY_TRACT
ACH-000900,NCIH23,CVCL_1547,NCIH23_LUNG,NCIH23_LUNG
ACH-000903,FTC133,CVCL_1219,FTC133_THYROID,FTC133_THYROID
ACH-000905,5637,CVCL_0126,5637_URINARY_TRACT,5637_URINARY_TRACT
ACH-000906,ES2,CVCL_3509,ES2_OVARY,ES2_OVARY
ACH-000910,MDAMB453,CVCL_0418,MDAMB453_BREAST,MDAMB453_BREAST
ACH-000911,NUGC3,CVCL_1612,NUGC3_STOMACH,NUGC3_STOMACH
ACH-000913,ESS1,CVCL_1205,ESS1_ENDOMETRIUM,ESS1_ENDOMETRIUM
ACH-000914,HT,CVCL_1290,HT_HAEMATOPOIETIC_AND_LYMPHOID_TISSUE,HT_HAEMATOPOIETIC_AND_LYMPHOID_TISSUE
ACH-000915,IPC298,CVCL_1307,IPC298_SKIN,IPC298_SKIN
ACH-000916,NCIH1573,CVCL_1478,NCIH1573_LUNG,NCIH1573_LUNG
ACH-000917,TE4,CVCL_3337,TE4_OESOPHAGUS,TE4_OESOPHAGUS
ACH-000924,NCIH2172,CVCL_1537,NCIH2172_LUNG,NCIH2172_LUNG
ACH-000926,HT55,CVCL_1294,HT55_LARGE_INTESTINE,HT55_LARGE_INTESTINE
ACH-000929,NCIH2110,CVCL_1530,NCIH2110_LUNG,NCIH2110_LUNG
ACH-000932,SNU1,CVCL_0099,SNU1_STOMACH,SNU1_STOMACH
ACH-000935,MDST8,CVCL_2588,MDST8_LARGE_INTESTINE,MDST8_LARGE_INTESTINE
ACH-000936,EFO27,CVCL_1192,EFO27_OVARY,EFO27_OVARY
ACH-000937,PF382,CVCL_1641,PF382_HAEMATOPOIETIC_AND_LYMPHOID_TISSUE,PF382_HAEMATOPOIETIC_AND_LYMPHOID_TISSUE
ACH-000938,NALM6,CVCL_0092,NALM6_HAEMATOPOIETIC_AND_LYMPHOID_TISSUE,NALM6_HAEMATOPOIETIC_AND_LYMPHOID_TISSUE
ACH-000939,SKUT1,CVCL_0533,SKUT1_SOFT_TISSUE,SKUT1_SOFT_TISSUE
ACH-000943,RKO,CVCL_0504,RKO_LARGE_INTESTINE,RKO_LARGE_INTESTINE
ACH-000947,OVK18,CVCL_3770,OVK18_OVARY,OVK18_OVARY
ACH-000948,2313287,CVCL_1046,2313287_STOMACH,2313287_STOMACH
ACH-000950,LOVO,CVCL_0399,LOVO_LARGE_INTESTINE,LOVO_LARGE_INTESTINE
ACH-000957,LS180,CVCL_0397,LS180_LARGE_INTESTINE,LS180_LARGE_INTESTINE
ACH-000958,SW48,CVCL_1724,SW48_LARGE_INTESTINE,SW48_LARGE_INTESTINE
ACH-000960,REH,CVCL_1650,REH_HAEMATOPOIETIC_AND_LYMPHOID_TISSUE,REH_HAEMATOPOIETIC_AND_LYMPHOID_TISSUE
ACH-000961,ISHIKAWAHERAKLIO02ER,CVCL_6543,ISHIKAWAHERAKLIO02ER_ENDOMETRIUM,ISHIKAWAHERAKLIO02ER_ENDOMETRIUM
ACH-000963,CCK81,CVCL_2873,CCK81_LARGE_INTESTINE,CCK81_LARGE_INTESTINE
ACH-000965,RL952,CVCL_0505,RL952_ENDOMETRIUM,RL952_ENDOMETRIUM
ACH-000968,COLO792,CVCL_1134,COLO792_SKIN,COLO792_SKIN
ACH-000969,KM12,CVCL_1331,KM12_LARGE_INTESTINE,KM12_LARGE_INTESTINE
ACH-000973,639V,CVCL_1048,639V_URINARY_TRACT,639V_URINARY_TRACT
ACH-000974,SNGM,CVCL_1707,SNGM_ENDOMETRIUM,SNGM_ENDOMETRIUM
ACH-000976,HUCCT1,CVCL_0324,HUCCT1_BILIARY_TRACT,HUCCT1_BILIARY_TRACT
ACH-000977,LNCAPCLONEFGC,CVCL_1379,LNCAPCLONEFGC_PROSTATE,LNCAPCLONEFGC_PROSTATE
ACH-000978,EN,CVCL_2034,EN_ENDOMETRIUM,EN_ENDOMETRIUM
ACH-000983,KCL22,CVCL_2091,KCL22_HAEMATOPOIETIC_AND_LYMPHOID_TISSUE,KCL22_HAEMATOPOIETIC_AND_LYMPHOID_TISSUE
ACH-000986,HT115,CVCL_2520,HT115_LARGE_INTESTINE,HT115_LARGE_INTESTINE
ACH-000988,MFE319,CVCL_2112,MFE319_ENDOMETRIUM,MFE319_ENDOMETRIUM
ACH-000995,JURKAT,CVCL_0065,JURKAT,JURKAT
ACH-001028,CHLA06ATRT,CVCL_AQ42,CHLA06_1,CHLA06_1
ACH-001031,CHLA266,CVCL_M149,CHLA266_1,CHLA266_1
ACH-001033,CHLA57,CVCL_0B49,CHLA57_1,CHLA57_1
ACH-001038,COGE352,CVCL_M153,COGE352_1,COGE352_1
ACH-001050,CW9019,CVCL_N820,CW9019_1,CW9019_1
ACH-001053,D425,CVCL_1275,D425_1,D425_1
ACH-001054,D458,CVCL_1161,D458_1,D458_1
ACH-001067,F5,CVCL_V616,F5,F5
ACH-001075,NCIH292,CVCL_0455,NCI-H292,NCI-H292
ACH-001096,JR,CVCL_RT33,JR_1,JR_1
ACH-001151,OVCAR5,CVCL_1628,OVCAR-5,OVCAR-5
ACH-001172,R256,U,R256,R256
ACH-001173,R262,CVCL_VU83,R262_1,R262_1
ACH-001183,RT11284,CVCL_2714,RT-112,RT-112
ACH-001184,SCMCRM2,CVCL_A667,SCMCRM2_1,SCMCRM2_1
ACH-001190,SKMEL2,CVCL_0069,SKMEL2_SKIN,SKMEL2_SKIN
ACH-001194,SKRC31,CVCL_6186,SK-RC-31,SK-RC-31
ACH-001196,SMSCTR,CVCL_A770,SMS-CTR_1,SMS-CTR_1
ACH-001197,SMZ1,CVCL_RL84,SMZ-1_2,SMZ-1_2
ACH-001228,UPCISCC152,CVCL_C058,UPCISCC152_1,UPCISCC152_1
ACH-001229,UPCISCC154,U,UPCISCC154,UPCISCC154
ACH-001232,UW228,CVCL_8585,UW228_1,UW228_1
ACH-001274,SW982,CVCL_1734,SW982_1,SW982_1
ACH-001275,SYO1,CVCL_7146,SYO1_1,SYO1_1
ACH-001277,YAMATO,CVCL_6C44,YAMATO_1,YAMATO_1
ACH-001280,SCS214,CVCL_WU91,SCS214_1,SCS214_1
ACH-001283,TC106,CVCL_F531,TC106_8,TC106_8
ACH-001289,COGAR359,CVCL_RS25,COGAR359_1,COGAR359_1
ACH-001295,Y79,CVCL_1893,Y79,Y79
ACH-001300,CHLA15,CVCL_6594,CHLA15_1,CHLA15_1
ACH-001301,COGN278,CVCL_AX49,COGN278_1,COGN278_1
ACH-001302,COGN305,CVCL_AX42,COGN305_1,COGN305_1
ACH-001303,NB1643,CVCL_5627,NB1643_1,NB1643_1
ACH-001306,8305C,CVCL_1053,8305C_THYROID,8305C_THYROID
ACH-001310,HA1E,CVCL_VU89,HA1E,HA1E
ACH-001322,CME1,CVCL_N586,CME-1_1,CME-1_1
ACH-001328,A431,CVCL_0037,A431_1,A431_1
ACH-001329,ANGMCSS,CVCL_2297,ANGMCSS,ANGMCSS
ACH-001335,C4II,CVCL_1095,C4II,C4II
ACH-001340,COV413A,CVCL_2422,COV413A,COV413A
ACH-001341,DOTC24510,CVCL_1181,DOTC24510,DOTC24510
ACH-001345,GP5D,CVCL_1235,GP5D_1,GP5D_1
ACH-001346,H103,CVCL_2457,H103,H103
ACH-001347,H157,CVCL_2458,H157,H157
ACH-001353,JOPACA1,CVCL_S507,JOPACA1,JOPACA1
ACH-001354,LAN2,CVCL_1829,LAN2,LAN2
ACH-001356,MB1,CVCL_2109,MB1,MB1
ACH-001366,NGP,CVCL_2141,NGP,NGP
ACH-001368,OACM51,CVCL_1842,OACM51_1,OACM51_1
ACH-001369,OCIC5X,CVCL_DH06,OCIC5X,OCIC5X
ACH-001375,PACADD119,CVCL_1848,PACADD119,PACADD119
ACH-001377,PACADD137,CVCL_1850,PACADD137,PACADD137
ACH-001379,PACADD161,CVCL_M466,PACADD161,PACADD161
ACH-001380,PACADD165,CVCL_M467,PACADD165,PACADD165
ACH-001382,PACADD188,CVCL_M469,PACADD188,PACADD188
ACH-001386,SCLC22H,CVCL_2186,SCLC22H_1,SCLC22H_1
ACH-001390,SUM149PT,CVCL_3422,SUM149PT_1,SUM149PT_1
ACH-001391,SUM159PT,CVCL_5423,SUM159PT_1,SUM159PT_1
ACH-001394,SUM229PE,CVCL_5594,SUM299PE_1,SUM299PE_1
ACH-001396,SUM52PE,CVCL_3425,SUM52PE,SUM52PE
ACH-001403,TO14,CVCL_2734,TO14,TO14
ACH-001407,UMUC13,CVCL_2746,UMUC13,UMUC13
ACH-001408,UMUC14,CVCL_2747,UMUC14,UMUC14
ACH-001409,UMUC16,CVCL_2748,UMUC16,UMUC16
ACH-001411,UMUC5,CVCL_2750,UMUC5,UMUC5
ACH-001412,UMUC10,CVCL_2744,UMUC10,UMUC10
ACH-001413,UMUC11,CVCL_2745,UMUC11,UMUC11
ACH-001414,UMUC6,CVCL_2751,UMUC6,UMUC6
ACH-001415,UMUC7,CVCL_2752,UMUC7,UMUC7
ACH-001416,UMUC9,CVCL_2753,UMUC9,UMUC9
ACH-001430,TC138,CVCL_4Z30,TC138_1,TC138_1
ACH-001431,TC205,CVCL_4Z31,TC205_1,TC205_1
ACH-001442,A388,CVCL_1063,A388,A388
ACH-001443,ASH3,CVCL_2856,ASH3,ASH3
ACH-001450,BLUE1,CVCL_1967,BLUE1,BLUE1
ACH-001451,BOKU,CVCL_1089,BOKU,BOKU
ACH-001453,BPH1,CVCL_1091,BPH1,BPH1
ACH-001454,C10,CVCL_5245,C10_1,C10_1
ACH-001458,C75,CVCL_5248,C75_1,C75_1
ACH-001459,C80,CVCL_5249,C80_1,C80_1
ACH-001460,C84,CVCL_5250,C84_1,C84_1
ACH-001461,C99,CVCL_8176,C99_1,C99_1
ACH-001484,CI,CVCL_Y548,CI,CI
ACH-001485,CII,CVCL_0D73,CII,CII
ACH-001494,EGI1,CVCL_1193,EGI1,EGI1
ACH-001495,EMTOKA,CVCL_E115,EMTOKA,EMTOKA
ACH-001496,ESO26,CVCL_2035,ESO26_1,ESO26_1
ACH-001498,FARAGE,CVCL_3302,FARAGE,FARAGE
ACH-001500,FLO1,CVCL_2045,FLO1_1,FLO1_1
ACH-001509,H357,CVCL_2462,H357,H357
ACH-001510,H376,CVCL_2463,H376,H376
ACH-001511,H413,CVCL_2465,H413,H413
ACH-001513,HCA1,CVCL_2916,HCA1,HCA1
ACH-001515,HCS2,U,HCS2,HCS2
ACH-001517,HEC1,CVCL_1274,HEC1,HEC1
ACH-001518,HEC116,U,HEC116,HEC116
ACH-001520,HG3,U,HG3,HG3
ACH-001521,HKA1,CVCL_2943,HKA1,HKA1
ACH-001522,HMY1,CVCL_2950,HMY1_1,HMY1_1
ACH-001523,HSC1,CVCL_2807,HSC1_1,HSC1_1
ACH-001524,HSC5,CVCL_0314,HSC5,HSC5
ACH-001525,HT3,CVCL_1293,HT3,HT3
ACH-001526,HUO9,CVCL_1298,HUO9,HUO9
ACH-001529,JAR,CVCL_0360,JAR,JAR
ACH-001530,JEG3,CVCL_0363,JEG3,JEG3
ACH-001532,JMURTK2,CVCL_4W58,JMURTK2,JMURTK2
ACH-001536,KKU100,CVCL_3996,KKU100,KKU100
ACH-001538,KKU213,CVCL_M261,KKU213,KKU213
ACH-001539,KML1,CVCL_4J73,KML1,KML1
ACH-001542,KON,CVCL_3001,KON,KON
ACH-001548,LS,CVCL_2105,LS,LS
ACH-001549,LU135,CVCL_1389,LU135,LU135
ACH-001550,MCC13,CVCL_2583,MCC13_1,MCC13_1
ACH-001551,MCC142,CVCL_2584,MCC142_1,MCC142_1
ACH-001552,MCC26,CVCL_2585,MCC26_1,MCC26_1
ACH-001554,MEL202,CVCL_C301,MEL202_1,MEL202_1
ACH-001555,MERO14,CVCL_2590,MERO14_1,MERO14_1
ACH-001556,MERO25,CVCL_2591,MERO25_1,MERO25_1
ACH-001559,MERO82,CVCL_2594,MERO82_1,MERO82_1
ACH-001563,MM127,CVCL_2601,MM127_1,MM127_1
ACH-001566,MM370,CVCL_2605,MM370_1,MM370_1
ACH-001567,MM383,CVCL_2606,MM383_1,MM383_1
ACH-001568,MM386,CVCL_2607,MM386_1,MM386_1
ACH-001570,MM426,CVCL_2609,MM426_1,MM426_1
ACH-001577,MUTZ8,U,MUTZ8,MUTZ8
ACH-001607,NOZ,CVCL_3079,NOZ,NOZ
ACH-001608,NP2,U,NP2,NP2
ACH-001609,NP3,U,NP3,NP3
ACH-001610,NP5,CVCL_1R17,NP5,NP5
ACH-001611,NP8,CVCL_4W66,NP8,NP8
ACH-001616,OCILY18,U,OCILY18,OCILY18
ACH-001618,OCIM2,CVCL_2150,OCIM2,OCIM2
ACH-001619,OCUG1,U,OCUG1,OCUG1
ACH-001622,ONDA7,U,ONDA7,ONDA7
ACH-001623,ONDA8,U,ONDA8,ONDA8
ACH-001624,ONDA9,CVCL_1R14,ONDA9,ONDA9
ACH-001627,P4E6,CVCL_2677,P4E6,P4E6
ACH-001628,PEA1,CVCL_2682,PEA1,PEA1
ACH-001630,PEO1,CVCL_2686,PEO1,PEO1
ACH-001645,SEKI,CVCL_3162,SEKI_1,SEKI_1
ACH-001647,SHI1,CVCL_2191,SHI1,SHI1
ACH-001650,SISO,CVCL_2193,SISO,SISO
ACH-001651,SKGI,CVCL_2793,SKGI,SKGI
ACH-001652,SKGII,U,SKGII,SKGII
ACH-001653,SKGT2,CVCL_2194,SKGT2,SKGT2
ACH-001654,SKGT4,CVCL_2195,SKGT4_1,SKGT4_1
ACH-001655,SKN,CVCL_3167,SKN,SKN
ACH-001664,SNU638,CVCL_0102,SNU638,SNU638
ACH-001668,SUSA,CVCL_L280,SUSA,SUSA
ACH-001673,TFK1,CVCL_2214,TFK1,TFK1
ACH-001677,U2904,CVCL_X504,U2904,U2904
ACH-001685,UHO1,U,UHO1,UHO1
ACH-001687,UMRC3,U,UMRC3,UMRC3
ACH-001690,UPCISCC026,U,UPCISCC026,UPCISCC026
ACH-001692,UPCISCC040,U,UPCISCC040,UPCISCC040
ACH-001698,UPCISCC116,U,UPCISCC116,UPCISCC116
ACH-001702,VAESBJ,CVCL_1785,VAESBJ,VAESBJ
ACH-001715,CAL72,CVCL_1113,CAL72,CAL72
ACH-001719,OCIC4P,U,OCIC4P,OCIC4P
ACH-001735,SEMK2,CVCL_S906,SEMK2_1,SEMK2_1
ACH-001736,HB1119,CVCL_8227,HB1119_1,HB1119_1
ACH-001737,HSB2,CVCL_1859,HSB2,HSB2
ACH-001750,TTC442,CVCL_B255,TTC442_1,TTC442_1
ACH-001786,SNU1544,U,SNU1544,SNU1544
ACH-001790,RH18DM,U,RH18-DM_1,RH18-DM_1
ACH-001793,LPS27,U,LPS27,LPS27
ACH-001794,93T449,CVCL_U614,93T449,93T449
ACH-001795,93T449,CVCL_U614,94T778,94T778
ACH-001796,95T1000,CVCL_WU67,95T1000,95T1000
ACH-001799,LPS141,CVCL_M823,LPS141,LPS141
ACH-001802,LPS853,CVCL_V415,LPS853,LPS853
ACH-001804,LPS510,CVCL_V414,LPS510,LPS510
ACH-001819,MFM223,CVCL_1408,MFM223,MFM223
ACH-001834,ICC10,U,ICC10,ICC10
ACH-001835,ICC106,U,ICC106,ICC106
ACH-001836,ICC108,U,ICC108,ICC108
ACH-001838,ICC12,U,ICC12,ICC12
ACH-001839,ICC137,U,ICC137,ICC137
ACH-001841,ICC15,U,ICC15,ICC15
ACH-001843,ICC3,U,ICC3,ICC3
ACH-001848,ICC8,U,ICC8,ICC8
ACH-001849,ICC9,U,ICC9,ICC9
ACH-001852,HKGZCC,U,HKGZCC,HKGZCC
ACH-001853,KMCH1,CVCL_7970,KMCH1,KMCH1
ACH-001856,RBE,CVCL_4896,RBE_,RBE_
ACH-001857,SG231,CVCL_0519,SG231,SG231
ACH-001858,SSP25,U,SSP25,SSP25
ACH-001862,TGBC52TKB,CVCL_H695,TGBC52TKB,TGBC52TKB
ACH-001864,YSCCC,CVCL_3629,YSCCC,YSCCC
ACH-001959,CCLP1,CVCL_0205,CCLP1,CCLP1
ACH-001960,CCSW1,CVCL_A429,CCSW1,CCSW1
ACH-001993,NALM16,U,NALM16,NALM16
ACH-001997,ECC2,U,ECC2,ECC2
ACH-001999,9505BIK,U,9505BIK,9505BIK
ACH-002001,A375SKINCJ1,U,A375SKINCJ1,A375SKINCJ1
ACH-002002,A375SKINCJ2,U,A375SKINCJ2,A375SKINCJ2
ACH-002003,A375SKINCJ3,U,A375SKINCJ3,A375SKINCJ3
ACH-002004,UACC62SKINCJ1,U,UACC62RMR,UACC62RMR
ACH-002005,SKMEL19,CVCL_6025,SKMEL19,SKMEL19
ACH-002015,MEL285,CVCL_C303,MEL285,MEL285
ACH-002016,MEL290,U,MEL290,MEL290
ACH-002017,OMM1,CVCL_6939,OMM1,OMM1
ACH-002018,OMM25,U,OMM25,OMM25
ACH-002024,ECC4,CVCL_1190,ECC4,ECC4
ACH-002027,HOUAI,U,HOUAI,HOUAI
ACH-002041,HOTHC,CVCL_8708,HOTHC,HOTHC
ACH-002042,T3M5,U,T3M5,T3M5
ACH-002046,HTMMT,CVCL_8721,HTMMT,HTMMT
ACH-002069,HSOS1,U,HSOS1,HSOS1
ACH-002446,CCLFUPGI0005T,U,CCLFUPGI0005T,CCLFUPGI0005T
ACH-002458,HT144SKINFV1,U,HT144SKINFV1,HT144SKINFV1
ACH-002459,HT144SKINFV3,U,HT144SKINFV3,HT144SKINFV3
ACH-002460,HT144SKINFV2,U,HT144SKINFV2,HT144SKINFV2
ACH-002462,RPE1SS48,U,RPE1SS48,RPE1SS48
ACH-002463,RPE1SS77,U,RPE1SS77,RPE1SS77
ACH-002464,RPE1SS6,U,RPE1SS6,RPE1SS6
ACH-002467,RPE1SS51,U,RPE1SS51,RPE1SS51
ACH-002508,WM3211,CVCL_6797,WM3211,WM3211
ACH-000011,253J,CVCL_7935,253J,253J
ACH-000017,SKBR3,CVCL_0033,SKBR3,SKBR3
ACH-000076,NCO2,CVCL_3043,NCO2,NCO2
ACH-000123,COV434,CVCL_2010,COV434,COV434
ACH-000127,SLR20,CVCL_V606,SLR20,SLR20
ACH-000128,LN319,CVCL_3958,LN319,LN319
ACH-000150,HCC2935,CVCL_1265,HCC2935,HCC2935
ACH-000152,M059K,CVCL_0401,M059K,M059K
ACH-000160,BT12,CVCL_M155,BT12,BT12
ACH-000163,SW579,CVCL_3603,SW579,SW579
ACH-000206,C8166,CVCL_1099,C8166,C8166
ACH-000215,LN382,CVCL_3956,LN382,LN382
ACH-000255,LMSU,CVCL_4849,LMSU,LMSU
ACH-000256,COV318,CVCL_2419,COV318,COV318
ACH-000278,COV362,CVCL_2420,COV362,COV362
ACH-000317,TUHR14TKB,CVCL_5953,TUHR14TKB,TUHR14TKB
ACH-000404,K029AX,CVCL_8784,K029AX,K029AX
ACH-000458,CJM,CVCL_U797,CJM,CJM
ACH-000459,TUHR10TKB,CVCL_5952,TUHR10TKB,TUHR10TKB
ACH-000485,GSU,CVCL_8877,GSU,GSU
ACH-000495,TUHR4TKB,CVCL_5957,TUHR4TKB,TUHR4TKB
ACH-000520,59M,CVCL_2291,59M,59M
ACH-000608,COV644,CVCL_2425,COV644,COV644
ACH-000646,OVMANA,CVCL_3111,OVMANA,OVMANA
ACH-000655,SF268,CVCL_1689,SF268,SF268
ACH-000658,KMS18,CVCL_A637,KMS18,KMS18
ACH-000661,WM1799,CVCL_A341,WM1799,WM1799
ACH-000706,EKVX,CVCL_1195,EKVX,EKVX
ACH-000746,GSS,CVCL_8876,GSS,GSS
ACH-000758,MKN74,CVCL_2791,MKN74,MKN74
ACH-000760,LNZ308,CVCL_0394,LNZ308,LNZ308
ACH-000765,WM983B,CVCL_6809,WM983B,WM983B
ACH-000782,SEM,CVCL_0095,SEM,SEM
ACH-000796,MCAS,CVCL_3020,MCAS,MCAS
ACH-000820,SW403,CVCL_0545,SW403,SW403
ACH-000901,HCC1359,CVCL_5128,HCC1359,HCC1359
ACH-000975,HCC2450,CVCL_5133,HCC2450,HCC2450
ACH-001001,143B,CVCL_2270,143B,143B
ACH-001020,BT16,CVCL_M156,BT16,BT16
ACH-001048,COV504,CVCL_2424,COV504,COV504
ACH-001099,KD,CVCL_U757,KD,KD
ACH-001145,OC316,CVCL_1618,OC316,OC316
ACH-001421,WERIRB1,CVCL_1792,WERIRB1,WERIRB1
ACH-001574,MOLM14,U,MOLM14,MOLM14
ACH-001711,PFSK1,CVCL_1642,PFSK1,PFSK1
ACH-000788,A2058,CVCL_1059,A2058_SKIN,A2058_SKIN
ACH-000086,ACCMESO1,CVCL_5113,ACC-MESO-1,ACC-MESO-1
ACH-000557,AML193,CVCL_1071,AML-193,AML-193
ACH-000503,BICR16,CVCL_2308,BICR 16,BICR_16
ACH-000771,BICR56,CVCL_2313,BICR 56,BICR_56
ACH-000415,BICR6,CVCL_2314,BICR 6,BICR_6
ACH-001332,BICR78,CVCL_2315,BICR78_UPPER_AERODIGESTIVE_TRACT,BICR78_UPPER_AERODIGESTIVE_TRACT
ACH-001278,BIN67,CVCL_S987,BIN-67_2,BIN-67_2
ACH-000402,BL70,CVCL_1088,BL-70,BL-70
ACH-001333,C33A,CVCL_1094,C33A_CERVIX,C33A_CERVIX
ACH-001334,C4I,CVCL_2253,C4I_CERVIX,C4I_CERVIX
ACH-001336,CASKI,CVCL_1100,CASKI_CERVIX,CASKI_CERVIX
ACH-000025,CH157MN,CVCL_5723,CH-157MN,CH-157MN
ACH-000253,COLO201,CVCL_1987,COLO 201,COLO_201
ACH-000350,COLO678,CVCL_1129,COLO678_LARGE_INTESTINE,COLO678_LARGE_INTESTINE
ACH-000161,CORL105,CVCL_1138,CORL105_LUNG,CORL105_LUNG
ACH-000695,CORL47,CVCL_2415,COR-L47,COR-L47
ACH-000233,DEL,CVCL_1170,DEL_HAEMATOPOIETIC_AND_LYMPHOID_TISSUE,DEL_HAEMATOPOIETIC_AND_LYMPHOID_TISSUE
ACH-001061,DLD1,CVCL_0248,DLD-1,DLD-1
ACH-000435,EFE184,CVCL_1191,EFE-184,EFE-184
ACH-000487,F36P,CVCL_2037,F-36P,F-36P
ACH-001850,G415,U,G415_1,G415_1
ACH-000738,GB1,CVCL_1227,GB1_CENTRAL_NERVOUS_SYSTEM,GB1_CENTRAL_NERVOUS_SYSTEM
ACH-001344,GIMEN,CVCL_1232,GIMEN_AUTONOMIC_GANGLIA,GIMEN_AUTONOMIC_GANGLIA
ACH-002476,HAP1MLH1KO,U,HAP1MLH1KO_1,HAP1MLH1KO_1
ACH-000223,HCC1937,CVCL_0290,HCC1937_BREAST,HCC1937_BREAST
ACH-000454,HCC95,CVCL_5137,HCC-95,HCC-95
ACH-000941,HEC1B,CVCL_0294,HEC-1-B,HEC-1-B
ACH-000996,HEC251,CVCL_2927,HEC-251,HEC-251
ACH-000946,HEC265,CVCL_2928,HEC-265,HEC-265
ACH-000831,HEC50B,CVCL_2929,HEC-50B,HEC-50B
ACH-000994,HEC59,CVCL_2930,HEC-59,HEC-59
ACH-000984,HEC6,CVCL_2931,HEC-6,HEC-6
ACH-000721,HMC18,CVCL_2949,HMC-1-8,HMC-1-8
ACH-002019,HOKUG,CVCL_8705,HOKUG_1,HOKUG_1
ACH-000547,HT1197,CVCL_1291,HT1197_URINARY_TRACT,HT1197_URINARY_TRACT
ACH-001842,ICC2,CVCL_VV27,ICC2_1,ICC2_1
ACH-000882,IGR1,CVCL_1303,IGR1_SKIN,IGR1_SKIN
ACH-000550,IGR39,CVCL_2076,IGR-39,IGR-39
ACH-000310,IMR32,CVCL_0346,IMR-32,IMR-32
ACH-000331,ISTMES2,CVCL_1312,IST-MES2,IST-MES2
ACH-000734,JHH5,CVCL_0364,JHH-5,JHH-5
ACH-000324,JHOC5,CVCL_4640,JHOC-5,JHOC-5
ACH-000237,JHOM1,CVCL_4644,JHOM-1,JHOM-1
ACH-000928,JHUEM1,CVCL_4655,JHUEM-1,JHUEM-1
ACH-000993,JHUEM7,CVCL_4658,JHUEM-7,JHUEM-7
ACH-000645,JL1,CVCL_2080,JL-1,JL-1
ACH-000753,JMSU1,CVCL_2081,JMSU-1,JMSU-1
ACH-000315,KARPAS422,CVCL_1325,KARPAS422_HAEMATOPOIETIC_AND_LYMPHOID_TISSUE,KARPAS422_HAEMATOPOIETIC_AND_LYMPHOID_TISSUE
ACH-000507,KE39,CVCL_3385,KE-39,KE-39
ACH-000167,KE97,CVCL_3386,KE-97,KE-97
ACH-000862,KMBC2,CVCL_2977,KMBC-2,KMBC-2
ACH-000889,KMM1,CVCL_2981,KMM-1,KMM-1
ACH-000426,KMS20,CVCL_2990,KMS-20,KMS-20
ACH-000588,KMS26,CVCL_2992,KMS-26,KMS-26
ACH-000576,KMS27,CVCL_2993,KMS-27,KMS-27
ACH-000541,KMS34,CVCL_2996,KMS-34,KMS-34
ACH-000445,KNS60,CVCL_2798,KNS-60,KNS-60
ACH-000028,KPL1,CVCL_2094,KPL-1,KPL-1
ACH-000604,KYO1,CVCL_2095,KYO-1,KYO-1
ACH-000777,KYSE30,CVCL_1351,KYSE-30,KYSE-30
ACH-001791,LPS6,U,LPS6_1,LPS6_1
ACH-000390,LUDLU1,CVCL_2582,LUDLU-1,LUDLU-1
ACH-002510,M040416,U,M040416_1,M040416_1
ACH-000621,MDAMB157,CVCL_0618,MDAMB157_BREAST,MDAMB157_BREAST
ACH-000884,MDAMB435S,CVCL_0622,MDA-MB-435S,MDA-MB-435S
ACH-000356,MKN45,CVCL_0434,MKN45_STOMACH,MKN45_STOMACH
ACH-001129,MONOMAC1,CVCL_1425,MONO-MAC-1,MONO-MAC-1
ACH-001134,MYLA,U,My-La,My-La
ACH-000980,NCIH1155,CVCL_1456,NCIH1155_LUNG,NCIH1155_LUNG
ACH-000921,NCIH1339,CVCL_A472,NCI-H1339,NCI-H1339
ACH-000845,NCIH1373,CVCL_1465,NCI-H1373,NCI-H1373
ACH-000153,NCIH2052,CVCL_1518,NCIH2052_PLEURA,NCIH2052_PLEURA
ACH-000912,NCIH2286,CVCL_1545,NCI-H2286,NCI-H2286
ACH-000648,NCIH28,CVCL_1555,NCIH28_PLEURA,NCIH28_PLEURA
ACH-000168,NOMO1,CVCL_1609,NOMO1_HAEMATOPOIETIC_AND_LYMPHOID_TISSUE,NOMO1_HAEMATOPOIETIC_AND_LYMPHOID_TISSUE
ACH-000013,ONCODG1,CVCL_1882,ONCO-DG-1,ONCO-DG-1
ACH-001814,OS252,CVCL_WU66,OS252_1,OS252_1
ACH-000296,OUMS23,CVCL_3088,OUMS-23,OUMS-23
ACH-000688,OV7,CVCL_2675,OV7_OVARY,OV7_OVARY
ACH-002059,P30OHK,CVCL_1631,P30OHK_HAEMATOPOIETIC_AND_LYMPHOID_TISSUE,P30OHK_HAEMATOPOIETIC_AND_LYMPHOID_TISSUE
ACH-001374,PA1,CVCL_0479,PA-1,PA-1
ACH-000468,PK45H,CVCL_6748,PK-45H,PK-45H
ACH-000261,RERFLCAI,CVCL_4402,RERF-LC-AI,RERF-LC-AI
ACH-000833,RH30,CVCL_0041,RH30_1,RH30_1
ACH-000719,RMGI,CVCL_1662,RMGI_OVARY,RMGI_OVARY
ACH-000701,RMUGS,CVCL_3158,RMUG-S,RMUG-S
ACH-000348,RPMI7951,CVCL_1666,RPMI7951_SKIN,RPMI7951_SKIN
ACH-000614,RVH421,CVCL_1672,RVH421_SKIN,RVH421_SKIN
ACH-001279,SCCOHT1,CVCL_VU69,SCCOHT-1,SCCOHT-1
ACH-000764,SH10TC,CVCL_5167,SH-10-TC,SH-10-TC
ACH-000363,SKMM2,CVCL_1699,SKMM2_HAEMATOPOIETIC_AND_LYMPHOID_TISSUE,SKMM2_HAEMATOPOIETIC_AND_LYMPHOID_TISSUE
ACH-000039,SKNMC,CVCL_0530,SK-N-MC,SK-N-MC
ACH-001193,SKPNDW,CVCL_1703,SKPNDW_BONE,SKPNDW_BONE
ACH-000385,SKRC20,CVCL_V605,SK-RC-20_CP3,SK-RC-20_CP3
ACH-000246,SLR23,CVCL_V609,SLR23_1,SLR23_1
ACH-000272,SLR24,CVCL_V610,SLR24_1,SLR24_1
ACH-000286,SNU1033,CVCL_5002,SNU-1033,SNU-1033
ACH-000618,SNU1041,CVCL_L085,SNU-1041,SNU-1041
ACH-000549,SNU1076,CVCL_5006,SNU-1076,SNU-1076
ACH-000302,SNU1077,CVCL_5007,SNU-1077,SNU-1077
ACH-000209,SNU1079,CVCL_5008,SNU-1079,SNU-1079
ACH-000368,SNU1105,CVCL_5010,SNU-1105,SNU-1105
ACH-000461,SNU1196,CVCL_5015,SNU-1196,SNU-1196
ACH-000581,SNU16,CVCL_0076,SNU16_STOMACH,SNU16_STOMACH
ACH-000623,SNU201,CVCL_5033,SNU-201,SNU-201
ACH-000266,SNU213,CVCL_5034,SNU-213,SNU-213
ACH-000466,SNU216,CVCL_3946,SNU-216,SNU-216
ACH-000141,SNU308,CVCL_5048,SNU-308,SNU-308
ACH-000907,SNU349,CVCL_5054,SNU-349,SNU-349
ACH-000517,SNU410,CVCL_5059,SNU-410,SNU-410
ACH-000500,SNU46,CVCL_5063,SNU-46,SNU-46
ACH-000377,SNU478,CVCL_5065,SNU-478,SNU-478
ACH-000683,SNU503,CVCL_5071,SNU-503,SNU-503
ACH-000736,SNU601,CVCL_0101,SNU-601,SNU-601
ACH-000325,SNU620,CVCL_5079,SNU-620,SNU-620
ACH-000370,SNU626,CVCL_5080,SNU-626,SNU-626
ACH-000344,SNU668,CVCL_5081,SNU-668,SNU-668
ACH-000407,SNU685,CVCL_5083,SNU-685,SNU-685
ACH-000898,SNU719,CVCL_5086,SNU-719,SNU-719
ACH-000807,SNU738,CVCL_5087,SNU-738,SNU-738
ACH-000537,SNU761,CVCL_5089,SNU-761,SNU-761
ACH-000460,SNU8,CVCL_5096,SNU-8,SNU-8
ACH-000280,SNU840,CVCL_5100,SNU-840,SNU-840
ACH-000182,SNU869,CVCL_5101,SNU-869,SNU-869
ACH-000316,SNU886,CVCL_5103,SNU-886,SNU-886
ACH-000959,SNUC4,CVCL_5111,SNU-C4,SNU-C4
ACH-000652,SUIT2,CVCL_3172,SUIT2_PANCREAS,SUIT2_PANCREAS
ACH-000953,SUPT1,CVCL_1714,SUPT1_HAEMATOPOIETIC_AND_LYMPHOID_TISSUE,SUPT1_HAEMATOPOIETIC_AND_LYMPHOID_TISSUE
ACH-001402,SW756,CVCL_1727,SW756_CERVIX,SW756_CERVIX
ACH-000018,T24,CVCL_0554,T24_URINARY_TRACT,T24_URINARY_TRACT
ACH-000085,T3M4,CVCL_4056,T3M-4,T3M-4
ACH-001205,TC32,CVCL_7151,TC-32,TC-32
ACH-000502,TCCPAN2,CVCL_3178,TCC-PAN2,TCC-PAN2
ACH-000387,TF1,CVCL_0559,TF-1,TF-1
ACH-001674,TGW,CVCL_1771,TGW_1,TGW_1
ACH-000592,TM31,CVCL_6735,TM-31,TM-31
ACH-002025,TT1TKB,CVCL_8764,TT1TKB_1,TT1TKB_1
ACH-001211,TTC549,CVCL_8005,TTC-549_04,TTC-549_04
ACH-000040,U118MG,CVCL_0633,U118MG_CENTRAL_NERVOUS_SYSTEM,U118MG_CENTRAL_NERVOUS_SYSTEM
ACH-000232,U251MG,CVCL_0021,U-251 MG,U-251_MG
ACH-000406,U937,CVCL_0007,U-937,U-937
ACH-000425,UACC62,CVCL_1780,UACC62_SKIN,UACC62_SKIN
ACH-000834,UMUC1,CVCL_2743,UM-UC-1,UM-UC-1
ACH-001418,UWB1289,CVCL_B079,UWB1289_OVARY,UWB1289_OVARY
ACH-001239,WM2664,CVCL_2765,WM-266-4,WM-266-4
ACH-000827,WM793,CVCL_8787,WM-793,WM-793
ACH-000899,WM88,CVCL_6805,WM-88,WM-88
ACH-000836,YD15,CVCL_8930,YD-15,YD-15
ACH-000762,YD38,CVCL_L083,YD-38,YD-38
ACH-000630,YD8,CVCL_L079,YD-8,YD-8
ACH-000097,ZR751,CVCL_0588,ZR-75-1,ZR-75-1
ACH-000005,HEL9217,CVCL_2481,HEL 92.1.7,HEL_92.1.7
ACH-000014,HS294T,CVCL_0331,Hs 294T,Hs_294T
ACH-000029,HCC827GR5,CVCL_V622,HCC827 GR5,HCC827_GR5
ACH-000048,TOV112D,CVCL_3612,TOV112D_OVARY,TOV112D_OVARY
ACH-000055,D283MED,CVCL_1155,D283MED_CENTRAL_NERVOUS_SYSTEM,D283MED_CENTRAL_NERVOUS_SYSTEM
ACH-000060,PANC1005,CVCL_1639,PANC1005_PANCREAS,PANC1005_PANCREAS
ACH-000082,G292CLONEA141B1,CVCL_2909,G292CLONEA141B1_BONE,G292CLONEA141B1_BONE
ACH-000093,PANC0504,CVCL_1637,Panc 05.04,Panc_05.04
ACH-000095,D341,CVCL_0018,D341_1,D341_1
ACH-000133,HS729,CVCL_0871,Hs 729,Hs_729
ACH-000198,EOL1,CVCL_0258,EOL1_HAEMATOPOIETIC_AND_LYMPHOID_TISSUE,EOL1_HAEMATOPOIETIC_AND_LYMPHOID_TISSUE
ACH-000234,CAKI2,CVCL_0235,Caki-2,Caki-2
ACH-000273,SF539,CVCL_1691,SF539_CENTRAL_NERVOUS_SYSTEM,SF539_CENTRAL_NERVOUS_SYSTEM
ACH-000274,HS852T,CVCL_0950,Hs 852.T,Hs_852.T
ACH-000312,SKNBE2,CVCL_0528,SK-N-BE(2),SK-N-BE(2)
ACH-000401,COLO800,CVCL_1135,COLO800_SKIN,COLO800_SKIN
ACH-000455,LN428,CVCL_3959,LN-428,LN-428
ACH-000471,LI7,CVCL_3840,Li-7,Li-7
ACH-000473,RT112,CVCL_1670,RT112_URINARY_TRACT,RT112_URINARY_TRACT
ACH-000477,MALME3M,CVCL_1438,Malme-3M,Malme-3M
ACH-000504,SNB75,CVCL_1706,SNB75_CENTRAL_NERVOUS_SYSTEM,SNB75_CENTRAL_NERVOUS_SYSTEM
ACH-000511,CALU1,CVCL_0608,Calu-1,Calu-1
ACH-000512,INA6,CVCL_5209,INA-6-3,INA-6-3
ACH-000533,NCIH2004RT,CVCL_WS70,NCI-H2004 RT_1,NCI-H2004_RT_1
ACH-000542,HEYA8,CVCL_8878,Hey-A8,Hey-A8
ACH-000556,SIHA,CVCL_0032,SiHa,SiHa
ACH-000593,BC3C,CVCL_1958,BC-3C,BC-3C
ACH-000602,M07E,CVCL_2106,M-07e,M-07e
ACH-000606,PECAPJ34CLONEC12,CVCL_2679,PE/CA-PJ34 (clone C12),PE/CA-PJ34_(clone_C12)
ACH-000632,HS944T,CVCL_1040,Hs 944.T,Hs_944.T
ACH-000671,HUH6,CVCL_4381,HuH-6,HuH-6
ACH-000685,L33,CVCL_8147,L3.3,L3.3
ACH-000700,NCIH2882,CVCL_5158,NCI-H2882,NCI-H2882
ACH-000720,TCCSUP,CVCL_1738,TCCSUP_URINARY_TRACT,TCCSUP_URINARY_TRACT
ACH-000732,PECAPJ41CLONED2,CVCL_2680,PE/CA-PJ41 (clone D2),PE/CA-PJ41_(clone_D2)
ACH-000735,PECAPJ49,CVCL_2681,PE/CA-PJ49,PE/CA-PJ49
ACH-000739,HEPG2,CVCL_0027,Hep G2,Hep_G2
ACH-000773,KIJK,CVCL_2093,Ki-JK_1,Ki-JK_1
ACH-000774,RERFLCAD2,CVCL_1652,RERF-LC-Ad2,RERF-LC-Ad2
ACH-000791,RERFLCAD1,CVCL_1651,RERF-LC-Ad1,RERF-LC-Ad1
ACH-000794,BICR22,CVCL_2310,BICR22_UPPER_AERODIGESTIVE_TRACT,BICR22_UPPER_AERODIGESTIVE_TRACT
ACH-000799,HS695T,CVCL_0851,Hs 695T,Hs_695T
ACH-000801,HS936T,CVCL_1033,Hs 936.T,Hs_936.T
ACH-000814,HS939T,CVCL_1036,Hs 939.T,Hs_939.T
ACH-000829,HUNS1,CVCL_2526,HuNS1,HuNS1
ACH-000851,MORCPR,CVCL_2620,MOR/CPR,MOR/CPR
ACH-000861,HOP62,CVCL_1285,HOP62_LUNG,HOP62_LUNG
ACH-001041,COLO699,CVCL_1992,Colo699_1,Colo699_1
ACH-001163,CCLFPEDS0001T,U,Peds005T_PF_AD,Peds005T_PF_AD
ACH-001192,SKNEP1,CVCL_0631,SK-NEP-1,SK-NEP-1
ACH-001212,TTC642,CVCL_8006,CR_TTC642,CR_TTC642
ACH-001318,PLCPRF5,CVCL_0485,PLC/PRF/5,PLC/PRF/5
ACH-001433,CCLFPEDS0008T,U,PEDS092T _1,PEDS092T__1
ACH-001740,RH28,CVCL_8752,Rh28_1,Rh28_1
ACH-001745,RHJT,CVCL_VU81,RhJT_1,RhJT_1
ACH-001765,RH4,CVCL_5916,Rh4_1,Rh4_1
ACH-001955,JHC7,CVCL_L154,jhc7.FCH8K6HADXX.1,jhc7.FCH8K6HADXX.1
ACH-001956,MUGCHOR1,CVCL_9277,mugchor1.FCH8K6HADXX.1,mugchor1.FCH8K6HADXX.1
ACH-001957,UMCHOR1,CVCL_1D68,umchor1.FCH8K6HADXX.1,umchor1.FCH8K6HADXX.1
ACH-002204,UCH2,CVCL_4989,UCH2_BONE,UCH2_BONE
ACH-002399,21NT,CVCL_7933,21NT_1,21NT_1
ACH-002475,HAP1_unknown,CVCL_Y019,HAP1_1,HAP1_1
