,0,1
Hugo_Symbol,TP53,TP53
Entrez_Gene_Id,7157,7157
Center,__UNKNOWN__,__UNKNOWN__
NCBI_Build,__UNKNOWN__,__UNKNOWN__
Chromosome,17,17
Start_position,7577094,7577138
End_position,7577094,7577138
Strand,__UNKNOWN__,__UNKNOWN__
Variant_Classification,Missense_Mutation,Missense_Mutation
Variant_Type,SNP,SNP
Reference_Allele,G,C
Tumor_Seq_Allele1,G,C
Tumor_Seq_Allele2,A,T
dbSNP_RS,rs28934574,rs587780075
dbSNP_Val_Status,,
Tumor_Sample_Barcode,dm_ACH-000143,dm_ACH-000143
Matched_Norm_Sample_Barcode,CCLF_RCRF1009-Normal-SM-F3R8L,CCLF_RCRF1009-Normal-SM-F3R8L
Match_Norm_Seq_Allele1,__UNKNOWN__,__UNKNOWN__
Match_Norm_Seq_Allele2,__UNKNOWN__,__UNKNOWN__
Tumor_Validation_Allele1,__UNKNOWN__,__UNKNOWN__
Tumor_Validation_Allele2,__UNKNOWN__,__UNKNOWN__
Match_Norm_Validation_Allele1,__UNKNOWN__,__UNKNOWN__
Match_Norm_Validation_Allele2,__UNKNOWN__,__UNKNOWN__
Verification_Status,__UNKNOWN__,__UNKNOWN__
Validation_Status,"__UNKNOWN__,Valid,Valid","__UNKNOWN__,Valid,Valid"
Mutation_Status,__UNKNOWN__,__UNKNOWN__
Sequencing_Phase,__UNKNOWN__,__UNKNOWN__
Sequence_Source,__UNKNOWN__,__UNKNOWN__
Validation_Method,"__UNKNOWN__,wex,wex","__UNKNOWN__,wex,wex"
Score,__UNKNOWN__,__UNKNOWN__
BAM_file,__UNKNOWN__,__UNKNOWN__
Sequencer,__UNKNOWN__,__UNKNOWN__
dbNSFP_aapos_SIFT,ENSP00000269305:R282W,ENSP00000269305:R267Q
n_ref_count,253,197
HGNC_EnsemblGeneID,ENSG00000141510,ENSG00000141510
dbNSFP_phyloP46way_placental_rankscore,0.19809000000000002,0.32318
HGVS_protein_change,ENSP00000269305:p.Arg282Trp,ENSP00000269305:p.Arg267Gln
dbNSFP_MutationTaster_score,0.999999,0.9999819999999999
TAR,,
ESP_AA_GTC,"0,0,2203",
dbNSFP_Ancestral_allele,G,C
ESP_EA_AGE,2.2+/-6.3,
x1000gp3_SVTYPE,,
gencode_transcript_name,TP53-001,TP53-001
UniProt_Site,,
ClinVar_SYM,TP53,TP53
ESP_Chromosome,17.0,
x1000gp3_SVLEN,,
dbNSFP_phastCons46way_primate,0.901,0.858
Codon_Change,c.(844-846)Cgg>Tgg,c.(799-801)cGg>cAg
HGNC_HGNCID,11998,11998
HGNC_OMIMIDsuppliedbyNCBI,191170,191170
alt_allele_seen,True,True
dbNSFP_phastCons100way_vertebrate,1.0,1.0
t_q20_count,243,211
dbNSFP_cds_strand,-,-
HGNC_PreviousSymbols,,
t_ins_count,0,0
dbNSFP_MutationAssessor_pred,M,M
t_lod_fstar,13.437284,786.668454
allelic_depth,,
ESP_AvgAAsampleReadDepth,83.0,
dbNSFP_1000Gp1_AFR_AC,.,.
dbNSFP_1000Gp1_AFR_AF,.,.
dbNSFP_phastCons46way_placental_rankscore,0.25401999999999997,0.27452
x1000gp3_CS,,
ClinVar_TYPE,M,M
dbNSFP_LRT_converted_rankscore,0.85682,0.64402
dbNSFP_aaalt,W,Q
dbNSFP_GERP_RS_rankscore,0.22878,0.35913
dbNSFP_1000Gp1_ASN_AC,.,.
dbNSFP_SIFT_converted_rankscore,0.8793200000000001,0.8793200000000001
dbNSFP_1000Gp1_ASN_AF,.,.
TQSI_NT,,
normal_f,0,0
HGNC_DateSymbolChanged,,
FDP50,,
HGNC_RecordType,Standard,Standard
ESP_MAF,"0.0233,0.0,0.0154",
dbNSFP_SiPhy_29way_pi,0.0:0.1376:0.5833:0.2792,0.0:0.7658:0.1508:0.0834
HGNC_AccessionNumbers,AF307851,AF307851
ESP_DP,75.0,
dbNSFP_Uniprot_aapos,282;282;282;282,267;267;267;267
t_lod_fstar_forward,3.1524389999999998,268.270857
x1000gp3_EUR_AF,,
CGC_TissueType,"""L, E, M, O""","""L, E, M, O"""
HGNC_UCSCIDsuppliedbyUCSC,uc002gij.3,uc002gij.3
normal_best_gt,GG,CC
dbNSFP_Interpro_domain,"p53, DNA-binding domain (1);p53-like transcription factor, DNA-binding (1);p53/RUNT-type transcription factor, DNA-binding domain (1);","p53, DNA-binding domain (1);p53-like transcription factor, DNA-binding (1);p53/RUNT-type transcription factor, DNA-binding domain (1);"
TQSI,,
x1000gp3_AFR_AF,,
gnomADg,rs28934574,rs587780075
dbNSFP_aapos_FATHMM,ENSP00000352610:R282W;ENSP00000269305:R282W;ENSP00000398846:R282W;ENSP00000391127:R282W;ENSP00000391478:R282W;ENSP00000425104:R150W,ENSP00000352610:R267Q;ENSP00000269305:R267Q;ENSP00000398846:R267Q;ENSP00000391127:R267Q;ENSP00000391478:R267Q;ENSP00000425104:R135Q
CGC_Name,tumor protein p53,tumor protein p53
TOR,,
ESP_EA_GTC,"1,0,4299",
dbNSFP_aapos,282;282;282;282;282;271;150,267;267;267;267;267;256;135
CCLE_ONCOMAP_overlapping_mutations,,
TCGAscape_Amplification_Peaks,,
dbNSFP_SLR_test_statistic,-12.0909,-8.7531
dbNSFP_LR_rankscore,0.99825,0.9978899999999999
Matched_Norm_Sample_UUID,CCLF_RCRF1009-Normal-SM-F3R8L,CCLF_RCRF1009-Normal-SM-F3R8L
dbNSFP_Uniprot_id,.;.;P53_HUMAN;.,.;.;P53_HUMAN;.
dbNSFP_FATHMM_rankscore,0.99869,0.99864
dbNSFP_SIFT_pred,D,D
TCGAscape_Deletion_Peaks,GBM - Glioblastoma multiforme(2;1.59e-06)|READ - Rectum adenocarcinoma(115;0.174),GBM - Glioblastoma multiforme(2;1.59e-06)|READ - Rectum adenocarcinoma(115;0.174)
dbNSFP_LRT_pred,D,D
x1000gp3_NS,,
tumor_alt_rpir_median,38,36
ESP_CP,0.3,
x1000gp3_TSD,,
DP2,,
ESP_Position,7577094.0,
gnomADg_AF_EAS,0.0,0.0
Transcript_Position,1033,989
dbNSFP_phyloP100way_vertebrate_rankscore,0.60223,0.8261299999999999
gnomADg_AF_OTH,0.0,0.0
x1000gp3_IMPRECISE,,
strand_bias_counts,(111|128|2|5),(1|0|65|146)
RU,,
dbNSFP_SiPhy_29way_logOdds,8.7508,8.8334
RC,,
covered,COVERED,COVERED
observed_in_normals_count,0,0
dbNSFP_phyloP100way_vertebrate,4.477,7.587
dbNSFP_ESP6500_AA_AF,0.0,.
Transcript_Exon,8,8
contaminant_lod,6.891114999999999,7.296494999999999
normal_power_wsp,1,1
UniProt_alt_uniprot_accessions,Q15086|Q15087|Q15088|Q16535|Q16807|Q16808|Q16809|Q16810|Q16811|Q16848|Q2XN98|Q3LRW1|Q3LRW2|Q3LRW3|Q3LRW4|Q3LRW5|Q86UG1|Q8J016|Q99659|Q9BTM4|Q9HAQ8|Q9NP68|Q9NPJ2|Q9NZD0|Q9UBI2|Q9UQ61,Q15086|Q15087|Q15088|Q16535|Q16807|Q16808|Q16809|Q16810|Q16811|Q16848|Q2XN98|Q3LRW1|Q3LRW2|Q3LRW3|Q3LRW4|Q3LRW5|Q86UG1|Q8J016|Q99659|Q9BTM4|Q9HAQ8|Q9NP68|Q9NPJ2|Q9NZD0|Q9UBI2|Q9UQ61
dbNSFP_SIFT_score,0,0
ESP_TotalAAsamplesCovered,2203.0,
n_alt_count,0,0
dbNSFP_phyloP46way_primate_rankscore,0.41573999999999994,0.41573999999999994
dbNSFP_Polyphen2_HVAR_pred,D;D;D;D,D;P;D;D
iHpol,,
failure_reasons,,
x1000gp3_DP,,
dbNSFP_genename,TP53,TP53
HGNC_LocusGroup,protein-coding gene,protein-coding gene
DNARepairGenes_Role,Other conserved DNA damage response genes,Other conserved DNA damage response genes
dbNSFP_phastCons100way_vertebrate_rankscore,0.71417,0.71417
map_Q0_reads,0,0
HGNC_Chromosome,17p13.1,17p13.1
CGC_CancerSomaticMut,yes,yes
t_alt_max_mapq,60,60
Tumor_Sample_UUID,dm_ACH-000143,dm_ACH-000143
UniProt_Natural_Variations,DR -> EW (in sporadic cancers; somatic mutation).|R -> G (in LFS; germline mutation and in sporadic cancers; somatic mutation).|R -> H (in a sporadic cancer; somatic mutation).|R -> L (in sporadic cancers; somatic mutation).|R -> P (in sporadic cancers; somatic mutation).|R -> Q (in a familial cancer not matching LFS; germline mutation and in sporadic cancers; somatic mutation). {ECO:0000269|Ref.22}.|R -> W (in LFS; germline mutation and in sporadic cancers; somatic mutation; does not induce SNAI1 degradation; dbSNP:rs28934574). {ECO:0000269|PubMed:8829627}.,R -> G (in sporadic cancers; somatic mutation).|R -> H (in a sporadic cancer; somatic mutation).|R -> P (in sporadic cancers; somatic mutation).|R -> Q (in LFS; germline mutation and in sporadic cancers; somatic mutation).|R -> W (in sporadic cancers; somatic mutation; dbSNP:rs55832599). {ECO:0000269|PubMed:16959974}.
CSQ,"A|missense_variant|MODERATE|TP53|ENSG00000141510|Transcript|ENST00000269305|protein_coding|8/11||||1034|844|282|R/W|Cgg/Tgg|||-1|HGNC|11998,A|downstream_gene_variant|MODIFIER|TP53|ENSG00000141510|Transcript|ENST00000503591|protein_coding|||||||||||1453|-1|HGNC|11998,A|missense_variant|MODERATE|TP53|ENSG00000141510|Transcript|ENST00000445888|protein_coding|8/11||||980|844|282|R/W|Cgg/Tgg|||-1|HGNC|11998,A|missense_variant|MODERATE|TP53|ENSG00000141510|Transcript|ENST00000359597|protein_coding|7/9||||844|844|282|R/W|Cgg/Tgg|||-1|HGNC|11998,A|non_coding_transcript_exon_variant&non_coding_transcript_variant|MODIFIER|TP53|ENSG00000141510|Transcript|ENST00000510385|retained_intron|4/8||||726|||||||-1|HGNC|11998,A|downstream_gene_variant|MODIFIER|TP53|ENSG00000141510|Transcript|ENST00000505014|retained_intron|||||||||||750|-1|HGNC|11998,A|non_coding_transcript_exon_variant&non_coding_transcript_variant|MODIFIER|TP53|ENSG00000141510|Transcript|ENST00000504290|retained_intron|4/8||||726|||||||-1|HGNC|11998,A|non_coding_transcript_exon_variant&non_coding_transcript_variant|MODIFIER|TP53|ENSG00000141510|Transcript|ENST00000504937|retained_intron|4/7||||726|||||||-1|HGNC|11998,A|upstream_gene_variant|MODIFIER|TP53|ENSG00000141510|Transcript|ENST00000576024|protein_coding|||||||||||189|-1|HGNC|11998,A|downstream_gene_variant|MODIFIER|TP53|ENSG00000141510|Transcript|ENST00000508793|protein_coding|||||||||||1340|-1|HGNC|11998,A|downstream_gene_variant|MODIFIER|TP53|ENSG00000141510|Transcript|ENST00000514944|protein_coding|||||||||||441|-1|HGNC|11998,A|downstream_gene_variant|MODIFIER|TP53|ENSG00000141510|Transcript|ENST00000574684|processed_transcript|||||||||||478|-1|HGNC|11998,A|intron_variant|MODIFIER|TP53|ENSG00000141510|Transcript|ENST00000413465|protein_coding||6/6||||||||||-1|HGNC|11998,A|downstream_gene_variant|MODIFIER|TP53|ENSG00000141510|Transcript|ENST00000604348|protein_coding|||||||||||1386|-1|HGNC|11998,A|missense_variant|MODERATE|TP53|ENSG00000141510|Transcript|ENST00000509690|protein_coding|5/6||||580|448|150|R/W|Cgg/Tgg|||-1|HGNC|11998,A|missense_variant|MODERATE|TP53|ENSG00000141510|Transcript|ENST00000455263|protein_coding|8/12||||977|844|282|R/W|Cgg/Tgg|||-1|HGNC|11998,A|missense_variant|MODERATE|TP53|ENSG00000141510|Transcript|ENST00000420246|protein_coding|8/12||||977|844|282|R/W|Cgg/Tgg|||-1|HGNC|11998","T|downstream_gene_variant|MODIFIER|TP53|ENSG00000141510|Transcript|ENST00000503591|protein_coding|||||||||||1409|-1|HGNC|11998,T|missense_variant|MODERATE|TP53|ENSG00000141510|Transcript|ENST00000269305|protein_coding|8/11||||990|800|267|R/Q|cGg/cAg|||-1|HGNC|11998,T|missense_variant|MODERATE|TP53|ENSG00000141510|Transcript|ENST00000359597|protein_coding|7/9||||800|800|267|R/Q|cGg/cAg|||-1|HGNC|11998,T|missense_variant|MODERATE|TP53|ENSG00000141510|Transcript|ENST00000445888|protein_coding|8/11||||936|800|267|R/Q|cGg/cAg|||-1|HGNC|11998,T|non_coding_transcript_exon_variant&non_coding_transcript_variant|MODIFIER|TP53|ENSG00000141510|Transcript|ENST00000510385|retained_intron|4/8||||682|||||||-1|HGNC|11998,T|non_coding_transcript_exon_variant&non_coding_transcript_variant|MODIFIER|TP53|ENSG00000141510|Transcript|ENST00000504290|retained_intron|4/8||||682|||||||-1|HGNC|11998,T|downstream_gene_variant|MODIFIER|TP53|ENSG00000141510|Transcript|ENST00000505014|retained_intron|||||||||||706|-1|HGNC|11998,T|non_coding_transcript_exon_variant&non_coding_transcript_variant|MODIFIER|TP53|ENSG00000141510|Transcript|ENST00000504937|retained_intron|4/7||||682|||||||-1|HGNC|11998,T|downstream_gene_variant|MODIFIER|TP53|ENSG00000141510|Transcript|ENST00000508793|protein_coding|||||||||||1296|-1|HGNC|11998,T|upstream_gene_variant|MODIFIER|TP53|ENSG00000141510|Transcript|ENST00000576024|protein_coding|||||||||||233|-1|HGNC|11998,T|downstream_gene_variant|MODIFIER|TP53|ENSG00000141510|Transcript|ENST00000514944|protein_coding|||||||||||397|-1|HGNC|11998,T|downstream_gene_variant|MODIFIER|TP53|ENSG00000141510|Transcript|ENST00000574684|processed_transcript|||||||||||434|-1|HGNC|11998,T|intron_variant|MODIFIER|TP53|ENSG00000141510|Transcript|ENST00000413465|protein_coding||6/6||||||||||-1|HGNC|11998,T|downstream_gene_variant|MODIFIER|TP53|ENSG00000141510|Transcript|ENST00000604348|protein_coding|||||||||||1342|-1|HGNC|11998,T|missense_variant|MODERATE|TP53|ENSG00000141510|Transcript|ENST00000509690|protein_coding|5/6||||536|404|135|R/Q|cGg/cAg|||-1|HGNC|11998,T|missense_variant|MODERATE|TP53|ENSG00000141510|Transcript|ENST00000455263|protein_coding|8/12||||933|800|267|R/Q|cGg/cAg|||-1|HGNC|11998,T|missense_variant|MODERATE|TP53|ENSG00000141510|Transcript|ENST00000420246|protein_coding|8/12||||933|800|267|R/Q|cGg/cAg|||-1|HGNC|11998"
ESP_CA,"http://www.ncbi.nlm.nih.gov/sites/varvu?gene=7157&amp%3Brs=28934574|http://www.ncbi.nlm.nih.gov/omim/191170,259500|http://omim.org/entry/191170",
CGC_CancerMolecularGenetics,,Rec
ESP_CG,,
HGNC_EnzymeIDs,,
n_q20_count,,190.0
ESP_GTC,,
HGNC_UniProtIDsuppliedbyUniProt,,P04637
ESP_GTS,,
Repeat,,
genotype,,0/1
gnomADg_AN,,244182.0
CGC_CancerSyndrome,,Li-Fraumeni syndrome
QSI_NT,,
ESP_TotalSamplesCovered,,
gnomADg_AF,,1.2285899999999999e-05
gnomADg_AC,,3.0
HGNC_Synonyms,,"p53, LFS1"
contaminant_fraction,,0.02
dbNSFP_Polyphen2_HDIV_score,,1.0;0.997;1.0;0.999
qual,,None
tumor_alt_rpir_mad,,20.0
dbNSFP_Uniprot_acc,,P04637-2;P04637-3;P04637;Q1MSW8
Transcript_Strand,,-
ClinVar_HGMD_ID,,CM921040
SVTYPE,,
dbNSFP_LR_pred,,D
CGC_OtherGermlineMut,,
COSMIC_tissue_types_affected,,NS(16)|adrenal_gland(37)|autonomic_ganglia(16)|biliary_tract(273)|bone(108)|breast(2530)|central_nervous_system(1264)|cervix(68)|endometrium(223)|eye(24)|fallopian_tube(1)|gastrointestinal_tract_(site_indeterminate)(1)|genital_tract(16)|haematopoietic_and_lymphoid_tissue(1301)|kidney(96)|large_intestine(5124)|liver(897)|lung(2388)|meninges(5)|oesophagus(1473)|ovary(1659)|pancreas(452)|penis(10)|peritoneum(33)|pituitary(4)|placenta(1)|pleura(3)|prostate(235)|salivary_gland(43)|skin(791)|small_intestine(14)|soft_tissue(220)|stomach(1158)|testis(11)|thymus(21)|thyroid(54)|upper_aerodigestive_tract(2271)|urinary_tract(1259)|vagina(6)|vulva(79)
ClinVar_rs,,
build,,hg19
SwissProt_entry_Id,,P53_HUMAN
x1000gp3_MLEN,,
cDNA_Change,,c.800G>A
tumor_f,,0.995283
UniProt_Experimental_Info,,
Annotation_Transcript,,ENST00000269305.4
dbNSFP_RadialSVM_pred,,D
x1000gp3_EAS_AF,,
power_to_detect_negative_strand_artifact,,1.0
HGNC_DateModified,,2014-09-17
total_reads,,409.0
t_ref_max_mapq,,60.0
dbNSFP_FATHMM_score,,-7.28;-7.28;-7.28;-7.28;-7.28;-7.28
QSI,,
ESP_GS,,
ESP_GL,,
ESP_GM,,
annotation_transcript,,ENST00000269305.4
dbNSFP_MutationTaster_converted_rankscore,,0.5475300000000001
dbNSFP_phastCons46way_placental,,0.489
QSI_ref,,
dbNSFP_Polyphen2_HDIV_pred,,D;D;D;D
dbNSFP_refcodon,,CGG
HGNC_VEGAIDs,,OTTHUMG00000162125
HGNC_LocusType,,gene with protein product
dbNSFP_folddegenerate,,0.0
COSMIC_overlapping_mutation_descriptions,,Substitution - Missense(33)|Deletion - In frame(9)|Whole gene deletion(8)|Deletion - Frameshift(6)|Unknown(3)
BCNoise,,
ESP_AvgEAsampleReadDepth,,
secondary_variant_classification,,
dbNSFP_Polyphen2_HVAR_score,,0.973;0.908;0.99;0.984
dbNSFP_Polyphen2_HVAR_rankscore,,0.77557
dbNSFP_1000Gp1_AMR_AF,,.
IHP,,
dbNSFP_1000Gp1_AMR_AC,,.
ESP_PP,,
Ensembl_so_accession,,SO:0001583
init_n_lod,,59.139182
ESP_PH,,
x1000gp3_AN,,
x1000gp3_AA,,
x1000gp3_AC,,
gene_type,,protein_coding
x1000gp3_AF,,
dbNSFP_RadialSVM_rankscore,,0.97972
ORegAnno_bin,,
COSMIC_fusion_genes,,
UniProt_Region,,Interaction with AXIN1. {ECO:0000250}.|Interaction with E4F1.|Interaction with HIPK1. {ECO:0000250}.|Required for interaction with ZNF385A.
gencode_transcript_status,,KNOWN
dbNSFP_Ensembl_transcriptid,,ENST00000359597;ENST00000269305;ENST00000455263;ENST00000420246;ENST00000445888;ENST00000396473;ENST00000509690
CGC_Tumor_Types_Germline,,"""breast, sarcoma, adrenocortical carcinoma, glioma, multiple other tumour types"""
Refseq_mRNA_Id,,NM_000546.5|NM_001126112.2|NM_001126118.1|NM_001276760.1|NM_001276761.1
Familial_Cancer_Genes_Synonym,,"Familial Osteogenic Sarcoma;LFS, SBLA syndrome (Sarcoma Breast Leukemia Adrenal cancer), incl.: Cancer with In Vitro Radioresistence, Familial, Li-Fraumeni-like s.;BRCAX;Familial Adrenocortical Carcinoma;"
CGC_Translocation_Partner,,
Familial_Cancer_Genes_Reference,,Familial Cancer Database
dbNSFP_phyloP46way_primate,,0.462
t_alt_sum,,6888.0
score,,0.0
SUBDP50,,
dbNSFP_CADD_raw_rankscore,,0.856
ESP_EXOME_CHIP,,
ESP_TAC,,
t_lod_fstar_reverse,,592.2851820000001
Genome_Change,,g.chr17:7577138C>T
gencode_transcript_type,,protein_coding
context,,TTCxGTC
read_depth,0,212
ESP_EA_AC,,
CGC_Tumor_Types_Somatic,,"""breast, colorectal, lung, sarcoma, adrenocortical, glioma, multiple other tumour types"""
dbNSFP_Polyphen2_HDIV_rankscore,,0.89917
ClinVar_ASSEMBLY,,GRCh37
t_ref_sum,,31.0
dbNSFP_hg18_pos1coor,,7517863.0
HGVS_genomic_change,,chr17.hg19:g.7577138C>T
x1000gp3_MSTART,,
GO_Cellular_Component,,chromatin (GO:0000785)|cytoplasm (GO:0005737)|cytosol (GO:0005829)|endoplasmic reticulum (GO:0005783)|mitochondrial matrix (GO:0005759)|mitochondrion (GO:0005739)|nuclear chromatin (GO:0000790)|nuclear matrix (GO:0016363)|nucleolus (GO:0005730)|nucleoplasm (GO:0005654)|nucleus (GO:0005634)|PML body (GO:0016605)|protein complex (GO:0043234)|replication fork (GO:0005657)
OVERLAP,,
ESP_AA_AC,,
Tumorscape_Deletion_Peaks,,all_cancers(10;1.01e-06)|Myeloproliferative disorder(207;0.0122)|Prostate(122;0.081)
CGC_ChrBand,,17p13
dbNSFP_LR_score,,0.9911
x1000gp3_CIPOS,,
GO_Molecular_Function,,ATP binding (GO:0005524)|chaperone binding (GO:0051087)|chromatin binding (GO:0003682)|copper ion binding (GO:0005507)|damaged DNA binding (GO:0003684)|DNA binding (GO:0003677)|enzyme binding (GO:0019899)|histone acetyltransferase binding (GO:0035035)|histone deacetylase regulator activity (GO:0035033)|identical protein binding (GO:0042802)|p53 binding (GO:0002039)|protease binding (GO:0002020)|protein heterodimerization activity (GO:0046982)|protein kinase binding (GO:0019901)|protein N-terminus binding (GO:0047485)|protein phosphatase 2A binding (GO:0051721)|protein phosphatase binding (GO:0019903)|receptor tyrosine kinase binding (GO:0030971)|RNA polymerase II core promoter proximal region sequence-specific DNA binding transcription factor activity involved in positive regulation of transcription (GO:0001077)|RNA polymerase II core promoter sequence-specific DNA binding (GO:0000979)|RNA polymerase II transcription factor binding (GO:0001085)|RNA polymerase II transcription regulatory region sequence-specific DNA binding transcription factor activity involved in positive regulation of transcription (GO:0001228)|sequence-specific DNA binding transcription factor activity (GO:0003700)|transcription factor binding (GO:0008134)|transcription regulatory region DNA binding (GO:0044212)|ubiquitin protein ligase binding (GO:0031625)|zinc ion binding (GO:0008270)
n_ref_sum,,5670.0
gc_content,,0.527
x1000gp3_AMR_AF,,
dbNSFP_LRT_Omega,,0.058834000000000004
dbNSFP_phyloP46way_placental,,0.725
somatic,,
id,,
gnomADg_AF_FIN,,0.0
Other_Transcripts,,TP53_ENST00000455263.2_Missense_Mutation_p.R267Q_c.800G>A|TP53_ENST00000420246.2_Missense_Mutation_p.R267Q_c.800G>A|TP53_ENST00000445888.2_Missense_Mutation_p.R267Q_c.800G>A|TP53_ENST00000413465.2_Intron|TP53_ENST00000359597.4_Missense_Mutation_p.R267Q_c.800G>A|TP53_ENST00000574684.1_5'Flank
dbNSFP_LRT_score,,1e-06
t_alt_count,0,211
ESP_FG,,
gnomADg_GT,,
dbNSFP_RadialSVM_score,,1.0344
refseq_mrna_id,,NM_000546
dbNSFP_Reliability_index,,10.0
Ensembl_so_term,,missense
HGNC_Status,,Approved
power_to_detect_positive_strand_artifact,,1.0
dbNSFP_ESP6500_EA_AF,,.
havana_transcript,,OTTHUMT00000367397.1
IC,,
CGC_Other_Diseases,,
normal_power,,1.0
Refseq_prot_Id,,NP_000537.3|NP_001119584.1|NP_001119590.1|NP_001263689.1|NP_001263690.1
dbsnp_site,,COSMIC
COSMIC_overlapping_mutations,,p.R267P(17)|p.R267Q(10)|p.0?(8)|p.R267L(6)|p.N268fs*77(3)|p.?(3)|p.G262_F270delGNLLGRNSF(2)|p.G266_E271delGRNSFE(2)|p.G262_S269delGNLLGRNS(2)|p.G266fs*4(1)|p.L265_K305del41(1)|p.E258fs*71(1)|p.L265_R267delLGR(1)|p.G266_N268delGRN(1)|p.G262fs*2(1)
gnomADg_AF_AMR,,0.0
HGNC_EnsemblIDsuppliedbyEnsembl,,ENSG00000141510
TIR,,
CGC_Mutation_Type,,"""Mis, N, F"""
x1000gp3_CIEND,,
x1000gp3_MEINFO,,
ESP_GWAS_PUBMED,,
OREGANNO_ID,,
HGNC_SecondaryIDs,,
UniProt_AApos,,267.0
dbNSFP_codonpos,,2.0
HGNC_PubmedIDs,,"6396087, 3456488, 2047879"
judgement,,KEEP
dbNSFP_phastCons46way_primate_rankscore,,0.48976000000000003
HGNC_DateNameChanged,,2008-01-16
ESP_TotalEAsamplesCovered,,
SwissProt_acc_Id,,P04637
ESP_AA,,
COSMIC_total_alterations_in_gene,,24185.0
COSMIC_overlapping_primary_sites,,lung(14)|large_intestine(7)|haematopoietic_and_lymphoid_tissue(6)|urinary_tract(5)|ovary(5)|breast(4)|bone(4)|upper_aerodigestive_tract(3)|central_nervous_system(3)|stomach(2)|oesophagus(2)|liver(2)|eye(1)|pancreas(1)
dbNSFP_MutationTaster_pred,,D
HGNC_Genefamilydescription,,
HGNC_PreviousNames,,
HGNC_CCDSIDs,,"CCDS11118.1, CCDS45605.1, CCDS45606.1, CCDS73963.1, CCDS73964.1, CCDS73965.1, CCDS73966.1, CCDS73967.1, CCDS73968.1, CCDS73969.1, CCDS73970.1, CCDS73971.1"
CGC_CancerGermlineMut,,yes
normal_power_nsp,,1.0
ACHILLES_Lineage_Results_Top_Genes,,Pancreas(47;798 1329 9957 10801)
FamilialCancerDatabase_Syndromes,,"Osteosarcoma, Familial Clustering of;Li-Fraumeni syndrome;Hereditary Breast-Ovarian Cancer, non-BRCA1/2;Hereditary Adrenocortical Cancer;Endometrial Cancer, Familial Clustering of"
ref_context,,AAAGCTGTTCCGTCCCAGTAG
CCLE_ONCOMAP_total_mutations_in_gene,,111.0
HGVS_coding_DNA_change,,ENST00000269305.4:c.800G>A
dbNSFP_Ensembl_geneid,,ENSG00000141510
gnomADg_AF_NFE,,2.71537e-05
HGNC_NameSynonyms,,"""Li-Fraumeni syndrome"""
init_t_lod,,785.827546
power,,1.0
ESP_AA_AGE,,
tumor_alt_fpir_median,,39.0
x1000gp3_END,,
dbNSFP_GERP_NR,,5.13
MUTSIG_Published_Results,,HNSCC(1;<9.43e-08)|TCGA GBM(1;<1E-08)|TSP Lung(2;<1E-08)|TCGA Ovarian(1;<1.89e-07)|Multiple Myeloma(5;0.019)
CGC_GeneID,,7157.0
ESP_AvgSampleReadDepth,,
x1000gp3_SAS_AF,,
dbNSFP_MutationAssessor_score,,2.6
tumor_power,,1.0
dbNSFP_GERP_RS,,3.12
dbNSFP_CADD_raw,,4.5256099999999995
tumor_alt_fpir_mad,,20.0
x1000gp3_MC,,
dbNSFP_MutationAssessor_rankscore,,0.8263
DrugBank,,Acetylsalicylic acid(DB00945)
dbNSFP_CADD_phred,,24.4
dbNSFP_SiPhy_29way_logOdds_rankscore,,0.35098
NT,,
ESP_AAC,,
gencode_transcript_tags,,basic|appris_principal|CCDS
t_del_count,,0.0
entrez_gene_id,,
gnomADg_AF_AFR,,0.0
ESP_DBSNP,,
ESP_CDP,,
n_alt_sum,,0.0
GO_Biological_Process,,"apoptotic process (GO:0006915)|B cell lineage commitment (GO:0002326)|base-excision repair (GO:0006284)|blood coagulation (GO:0007596)|cell aging (GO:0007569)|cell cycle arrest (GO:0007050)|cell differentiation (GO:0030154)|cell proliferation (GO:0008283)|cellular protein localization (GO:0034613)|cellular response to DNA damage stimulus (GO:0006974)|cellular response to drug (GO:0035690)|cellular response to glucose starvation (GO:0042149)|cellular response to hypoxia (GO:0071456)|cellular response to ionizing radiation (GO:0071479)|cellular response to UV (GO:0034644)|cerebellum development (GO:0021549)|chromatin assembly (GO:0031497)|determination of adult lifespan (GO:0008340)|DNA damage response, signal transduction by p53 class mediator (GO:0030330)|DNA damage response, signal transduction by p53 class mediator resulting in cell cycle arrest (GO:0006977)|DNA damage response, signal transduction by p53 class mediator resulting in transcription of p21 class mediator (GO:0006978)|DNA strand renaturation (GO:0000733)|double-strand break repair (GO:0006302)|embryonic organ development (GO:0048568)|ER overload response (GO:0006983)|gastrulation (GO:0007369)|in utero embryonic development (GO:0001701)|intrinsic apoptotic signaling pathway (GO:0097193)|intrinsic apoptotic signaling pathway by p53 class mediator (GO:0072332)|intrinsic apoptotic signaling pathway in response to DNA damage by p53 class mediator (GO:0042771)|mitotic cell cycle arrest (GO:0071850)|mitotic G1 DNA damage checkpoint (GO:0031571)|multicellular organism growth (GO:0035264)|multicellular organismal development (GO:0007275)|necroptotic process (GO:0070266)|negative regulation of apoptotic process (GO:0043066)|negative regulation of cell growth (GO:0030308)|negative regulation of cell proliferation (GO:0008285)|negative regulation of DNA replication (GO:0008156)|negative regulation of fibroblast proliferation (GO:0048147)|negative regulation of helicase activity (GO:0051097)|negative regulation of macromitophagy (GO:1901525)|negative regulation of neuroblast proliferation (GO:0007406)|negative regulation of reactive oxygen species metabolic process (GO:2000378)|negative regulation of transcription from RNA polymerase II promoter (GO:0000122)|negative regulation of transcription, DNA-templated (GO:0045892)|negative regulation of transforming growth factor beta receptor signaling pathway (GO:0030512)|neuron apoptotic process (GO:0051402)|Notch signaling pathway (GO:0007219)|nucleotide-excision repair (GO:0006289)|oligodendrocyte apoptotic process (GO:0097252)|oxidative stress-induced premature senescence (GO:0090403)|positive regulation of apoptotic process (GO:0043065)|positive regulation of cardiac muscle cell apoptotic process (GO:0010666)|positive regulation of cell aging (GO:0090343)|positive regulation of cell cycle arrest (GO:0071158)|positive regulation of histone deacetylation (GO:0031065)|positive regulation of intrinsic apoptotic signaling pathway (GO:2001244)|positive regulation of mitochondrial membrane permeability (GO:0035794)|positive regulation of neuron apoptotic process (GO:0043525)|positive regulation of peptidyl-tyrosine phosphorylation (GO:0050731)|positive regulation of protein insertion into mitochondrial membrane involved in apoptotic signaling pathway (GO:1900740)|positive regulation of protein oligomerization (GO:0032461)|positive regulation of reactive oxygen species metabolic process (GO:2000379)|positive regulation of release of cytochrome c from mitochondria (GO:0090200)|positive regulation of thymocyte apoptotic process (GO:0070245)|positive regulation of transcription from RNA polymerase II promoter (GO:0045944)|positive regulation of transcription, DNA-templated (GO:0045893)|protein complex assembly (GO:0006461)|protein import into nucleus, translocation (GO:0000060)|protein localization (GO:0008104)|protein tetramerization (GO:0051262)|Ras protein signal transduction (GO:0007265)|regulation of apoptotic process (GO:0042981)|regulation of mitochondrial membrane permeability (GO:0046902)|regulation of mitochondrial membrane permeability involved in apoptotic process (GO:1902108)|regulation of tissue remodeling (GO:0034103)|regulation of transcription, DNA-templated (GO:0006355)|release of cytochrome c from mitochondria (GO:0001836)|replicative senescence (GO:0090399)|response to antibiotic (GO:0046677)|response to gamma radiation (GO:0010332)|response to ischemia (GO:0002931)|response to salt stress (GO:0009651)|response to X-ray (GO:0010165)|rRNA transcription (GO:0009303)|somitogenesis (GO:0001756)|T cell differentiation in thymus (GO:0033077)|T cell lineage commitment (GO:0002360)|T cell proliferation involved in immune response (GO:0002309)|transforming growth factor beta receptor signaling pathway (GO:0007179)|viral process (GO:0016032)"
COSMIC_n_overlapping_mutations,,59.0
dbNSFP_UniSNP_ids,,.
t_ref_count,0,1
dbNSFP_1000Gp1_EUR_AC,,.
Tumorscape_Amplification_Peaks,,
dbNSFP_1000Gp1_AC,,.
dbNSFP_1000Gp1_EUR_AF,,.
dbNSFP_1000Gp1_AF,,.
CGC_Chr,,17.0
x1000gp3_MEND,,
Description,,tumor protein p53
SGT,,
Protein_Change,,p.R267Q
ccds_id,,CCDS11118.1
HGNC_RefSeqsuppliedbyNCBI,,NM_001126115
dbNSFP_FATHMM_pred,,D;D;D;D;D;D
DP50,,
OREGANNO_Values,,
matched_norm_sample_barcode,,CCLF_RCRF1009-Normal-SM-F3R8L-dm_ACH-000143
gnomADg_AF_ASJ,,0.0
dbNSFP_aaref,,R
HGNC_PrimaryIDs,,
HGNC_EnsemblGeneID1,,
x1000gp3_SVTYPE1,,
x1000gp3_SVLEN1,,
HGNC_HGNCID1,,
HGNC_OMIMIDsuppliedbyNCBI1,,
HGNC_PreviousSymbols1,,
x1000gp3_CS1,,
dbNSFP_GERP_RS_rankscore1,,
HGNC_DateSymbolChanged1,,
HGNC_RecordType1,,
HGNC_AccessionNumbers1,,
x1000gp3_EUR_AF1,,
CGC_TissueType1,,
HGNC_UCSCIDsuppliedbyUCSC1,,
x1000gp3_AFR_AF1,,
x1000gp3_NS1,,
x1000gp3_TSD1,,
x1000gp3_IMPRECISE1,,
x1000gp3_DP1,,
HGNC_LocusGroup1,,
CGC_CancerSomaticMut1,,
CGC_CancerMolecularGenetics1,,
HGNC_EnzymeIDs1,,
HGNC_UniProtIDsuppliedbyUniProt1,,
CGC_CancerSyndrome1,,
CGC_OtherGermlineMut1,,
x1000gp3_MLEN1,,
x1000gp3_EAS_AF1,,
HGNC_DateModified1,,
HGNC_VEGAIDs1,,
HGNC_LocusType1,,
dbNSFP_folddegenerate1,,
x1000gp3_AN1,,
x1000gp3_AA1,,
x1000gp3_AC1,,
x1000gp3_AF1,,
dbNSFP_hg18_pos1coor1,,
x1000gp3_MSTART1,,
CGC_ChrBand1,,
x1000gp3_CIPOS1,,
x1000gp3_AMR_AF1,,
HGNC_EnsemblIDsuppliedbyEnsembl1,,
x1000gp3_CIEND1,,
x1000gp3_MEINFO1,,
HGNC_SecondaryIDs1,,
HGNC_PubmedIDs1,,
HGNC_DateNameChanged1,,
HGNC_Genefamilydescription1,,
HGNC_PreviousNames1,,
HGNC_CCDSIDs1,,
CGC_CancerGermlineMut1,,
HGNC_NameSynonyms1,,
x1000gp3_END1,,
dbNSFP_GERP_NR1,,
x1000gp3_SAS_AF1,,
dbNSFP_GERP_RS1,,
x1000gp3_MC1,,
x1000gp3_MEND1,,
HGNC_RefSeqsuppliedbyNCBI1,,
HGNC_PrimaryIDs1,,
HGNC_Ensembl_Gene_ID,,ENSG00000141510
v_1000gp3_SVTYPE,,
v_1000gp3_SVLEN,,
HGNC_HGNC_ID,,11998.0
HGNC_OMIM_ID_supplied_by_NCBI_,,191170.0
HGNC_Previous_Symbols,,
v_1000gp3_CS,,
dbNSFP_GERPplusplus_RS_rankscore,,0.35913
HGNC_Date_Symbol_Changed,,
HGNC_Record_Type,,Standard
HGNC_Accession_Numbers,,AF307851
v_1000gp3_EUR_AF,,
CGC_Tissue_Type,,"""L, E, M, O"""
HGNC_UCSC_ID_supplied_by_UCSC_,,uc002gij.3
v_1000gp3_AFR_AF,,
v_1000gp3_NS,,
v_1000gp3_TSD,,
v_1000gp3_IMPRECISE,,
v_1000gp3_DP,,
HGNC_Locus_Group,,protein-coding gene
CGC_Cancer_Somatic_Mut,,yes
CGC_Cancer_Molecular_Genetics,,Rec
HGNC_Enzyme_IDs,,
HGNC_UniProt_ID_supplied_by_UniProt_,,P04637
CGC_Cancer_Syndrome,,Li-Fraumeni syndrome
CGC_Other_Germline_Mut,,
v_1000gp3_MLEN,,
v_1000gp3_EAS_AF,,
HGNC_Date_Modified,,1988.0
HGNC_VEGA_IDs,,OTTHUMG00000162125
HGNC_Locus_Type,,gene with protein product
dbNSFP_fold_degenerate,,0.0
v_1000gp3_AN,,
v_1000gp3_AA,,
v_1000gp3_AC,,
v_1000gp3_AF,,
dbNSFP_hg18_pos_1_coor_,,7517863.0
v_1000gp3_MSTART,,
CGC_Chr_Band,,17p13
v_1000gp3_CIPOS,,
v_1000gp3_AMR_AF,,
HGNC_Ensembl_ID_supplied_by_Ensembl_,,ENSG00000141510
v_1000gp3_CIEND,,
v_1000gp3_MEINFO,,
HGNC_Secondary_IDs,,
HGNC_Pubmed_IDs,,"6396087, 3456488, 2047879"
HGNC_Date_Name_Changed,,1991.0
HGNC_Gene_family_description,,
HGNC_Previous_Names,,
HGNC_CCDS_IDs,,"CCDS11118.1, CCDS45605.1, CCDS45606.1, CCDS73963.1, CCDS73964.1, CCDS73965.1, CCDS73966.1, CCDS73967.1, CCDS73968.1, CCDS73969.1, CCDS73970.1, CCDS73971.1"
CGC_Cancer_Germline_Mut,,yes
HGNC_Name_Synonyms,,"""Li-Fraumeni syndrome"""
v_1000gp3_END,,
dbNSFP_GERPplusplus_NR,,5.13
v_1000gp3_SAS_AF,,
dbNSFP_GERPplusplus_RS,,3.12
v_1000gp3_MC,,
v_1000gp3_MEND,,
HGNC_RefSeq_supplied_by_NCBI_,,NM_001126115
HGNC_Primary_IDs,,
i_ffpe_Q,,86.2
i_t_ALT_F1R2,,121.0
i_t_ALT_F2R1,,111.0
i_t_REF_F1R2,,1.0
i_t_REF_F2R1,,0.0
i_ffpe_F,,0.521552
i_ffpe_mode,,1.0
i_ffpe_p_value,,1.47207e-89
i_ffpe_q_value,,2.70861e-89
i_ffpe_p_value_cutoff,,1.0
i_ffpe_cut,,0.0
i_oxog_Q,,46.85
i_oxog_F,,0.47844799999999993
i_oxog_mode,,0.0
i_oxog_p_value,,0.0
i_oxog_q_value,,0.0
i_oxog_p_value_cutoff,,1.0
i_oxog_cut,,0.0
reads_confirmed,,3.0
reads_mapped_away,,0.0
mate_not_mapped_away,,3.0
reference,,0.0
bad_map,,0.0
realign_judgment,,KEEP
keep_min,,66.0
keep_mean,,71.0
keep_max,,76.0
n_tie,,0.0
reject_min,,
reject_mean,,
reject_max,,
keep_scores,,"71,71,76,71,66,71,71"
reject_scores,,
Passed_Filters,,"blat,ffpeOBF,ice_pon,oxogOBF,agilent_pon"
validation_judgement_wex,,1.0
validation_power_wex,,1.0
validation_tumor_alt_count_wex,,210.0
validation_tumor_ref_count_wex,,1.0
validation_normal_alt_count_wex,,0.0
validation_normal_ref_count_wex,,193.0
discovery_tumor_alt_count_wex,,210.0
discovery_tumor_ref_count_wex,,1.0
discovery_normal_alt_count_wex,,0.0
discovery_normal_ref_count_wex,,193.0
min_val_count_wex,,2.0
exac_ac,2,2
exac_ac_afr,0,0
exac_ac_amr,0,0
exac_ac_eas,0,0
exac_ac_fin,0,0
exac_ac_nfe,2,2
exac_ac_oth,0,0
exac_ac_sas,0,0
exac_af,1.647e-05,1.647e-05
exac_an,121412,121404
exac_an_afr,10346,8928
exac_an_amr,11396,8468
exac_an_eas,8608,7036
exac_an_fin,6540,5410
exac_an_nfe,66366,56014
exac_an_oth,886,778
exac_an_sas,16398,14624
FILTER,PASS,PASS
ID,rs28934574,.
QUAL,4630.04,6276.52
low_read_depth,0,0
coding,1,1
whitelist,0,0
exac_common,0,0
common_variant,0,0
i_ExAC_AF,1.647e-05,1.647e-05
isDeleterious,False,False
isTCGAhotspot,True,True
TCGAhsCnt,124,13
isCOSMIChotspot,False,True
COSMIChsCnt,0,59
PASS,True,True
filtExAC,False,False
filtAF,True,False
filtPon_loglike,,
filtNonCoding,False,False
filtCoverage,True,False
filtBlacklist,False,False
filtOther,,
