Stripped Cell Line Name,Known Pairs
HT144SKINFV1,HT144; HT144SKINFV2; HT144SKINFV3
HT144SKINFV2,HT144SKINFV1; HT144; HT144SKINFV3
HT144SKINFV3,HT144SKINFV1; HT144SKINFV2; HT144
PSS004,
PSS008,
PSS089,
PSS154,
RPE1SS111,RPE1; RPE1SS48; RPE1SS77; RPE1SS6; RPE1SS119; RPE1SS51
RPE1SS119,RPE1; RPE1SS48; RPE1SS77; RPE1SS6; RPE1SS111; RPE1SS51
RPE1SS48,RPE1; RPE1SS77; RPE1SS6; RPE1SS119; RPE1SS111; RPE1SS51
RPE1SS51,RPE1; RPE1SS48; RPE1SS77; RPE1SS6; RPE1SS119; RPE1SS111
RPE1SS6,RPE1; RPE1SS48; RPE1SS77; RPE1SS119; RPE1SS111; RPE1SS51
RPE1SS77,RPE1; RPE1SS48; RPE1SS6; RPE1SS119; RPE1SS111; RPE1SS51
RVH421SKINFV1,RVH421
PACADD161,
PACADD188,
SNU869,
TFK1,
ICC15,
9505BIK,
C125PM,
C99,
CCLFUPGI0005T,
CL14,
ECC2,
HKGZCC,
ICC10,ICC11; ICC106; ICC108
ICC137,
ICC2,
ICC3,
ICC8,
KKU213,
KMCH1,
LU135,
OE19,
PACADD135,
PACADD159,
PACADD183,
RBE,SSP25
SG231,
SNU1544,
SNU5,
STC1,
SW626,
UACC62SKINCJ1,UACC62
UHO1,
UPCISCC116,
BPH1,
CCLFMELM0001T,
CCLFMELM0002T,
CCLFMELM0003T,
CCLFMELM0005T,
CCLFNEURO0006T,
CCLFNEURO0007T,
CCLFNEURO0008T,
CCLFNEURO0010T,
CCLFNEURO0011T,
CCLFNEURO0014T,
CCLFNEURO0017T,
CCLFOVPA0001T,
CCLFPEDS0014T1,
CCLFPEDS0019T,
NP8,
OPM2,OPM1
921,
C4I,C4II
EMTOKA,
KG1C,
SKMEL1,
A388,
BCP1,
BOKU,
BONNA12,
C4II,C4I
CI,
CII,
EHEB,
HAC2,
HCA1,
HCS2,
HELA,HELASF
HG3,
HT3,
KON,
MB1,
MEL270,OMM22; OMM23; OMM25; OMM26
MEL285,
MEL290,
MP46,
NP2,
NP5,
OMM1,
ONDA9,ONDA9R
PEO1,PEO4; PEO6
PEO16,
RMGI,
SKGI,
SKN,
SKRC20,
SUM102PT,
SUM1315MO2,
SUM185PE,
SUM44PE,
UMUC5,
VP229,VP267
WPE1NA22,
AN3CA,
ASH3,
H157,
HCSC1,
HEC1,
HEC116,
HEMCSS,
ICC106,ICC11; ICC10; ICC108
ICC4,
ICC5,
IHH4,
L428,
MDAMB330,
MP65,
MUTZ2,
MUTZ8,
NP3,
OCIC4P,
OCILY18,
OCIP8P,
ONDA7,
ONDA8,
OSC19,
P4E6,
RL,
RO82W1,
SCC15,
SCLC22H,SCLC21H
SHMAC4,
SHMAC5,
SKGII,SKGIIB
SKRC31,
SUM190PT,
SUM225CWN,
SW156,
SW780,
TGBC52TKB,TGBC50TKB; TGBC51TKB
UMRC3,
UMRC7,
UO31,
UPCISCC026,UPCISCC016
UPCISCC040,
UPCISCC074,
UPCISCC090,UPCISCC152
UPCISCC154,
KOPN8,
CAL72,
JEKO1,
SCMCRM2,
Y79,
GOTO,
C106,
C387,
C396,
C107,
CCLP1,
H376,
H413,
HDLM2,HDLM1; HDLM3
ICC108,ICC11; ICC106; ICC10
ICC12,
ICC9,
JK1,
KARPAS417,
KHYG,
KMS28PE,KMS28BM
KOSC2CL343,
KPNRTBM1,KPNRTLN
KU812,
LS,
MEG01,
MHHCALL4,
MM28,
MM415,
MOLM1,
MUTZ5,MUTZ6; MUTZ7
NALM1,
NCO2,
NGP,
NH12,
OCIM2,
OCUG1,
OS252,
PFSK1,
RH18DM,
SCCOHT1,
SHI1,
SNU638,
SSP25,RBE
TGW,
TKKK,
U2904,
UCH1,
UMC11,
UWB1289,
WERIRB1,
YSCCC,
ATRT3,
C242,
C393,
CCLFPEDS0007T,
CCLFPEDS0009T,
CCLFPEDS0010T,
CORL26,
GUMBUS,
HSSY2,**YAFUSS
ICC6,
ICC7,
KML1,
MINO,
MOLM16,
NUDUL1,
OCIAML1,
OCIAML4,
OCILY1,
OCILY7,
OSC20,
TGBC1TKB,TGBC2TKB
U2940,
U2973,
U698M,
UPCISCC131,
WSUFSCCL,
WSUNHL,
YAFUSS,**HSSY2
CCLFPEDS0003T,
G415,
BEWO,JEG3
CCSW1,
COLO824,
DMS53,
EBC1,
GCT27,
H357,
JEG3,BEWO
LN340,
MFM223,
NCIH1155,
NCIH1623,
NCIH1694,
NCIH727,
NCIH82,
NOZ,
OZ,
PGA1,PGB958
RCK8,
RERFLCAD2,
RPMI2650,
SNU626,
SNU738,
SUSA,
TERA2,
WM88,
CCLFNEURO0009T,
CCLFNEURO0015T,
CCLFPANC0020T,
CCLFPANC0022T,
CCLFTHYR0010T,
FARAGE,
ICC18,
LPS789,
NCIH1105,
NCIH1436,
NCIH1876,NCIH1881; NCIH1882
NCIH510,
SHSY5Y,SKNSH; LAN5
U937GC11,
UACC3133,
381T,RD
ATRFLOX,HCT116
BIRCH,
C202,
C219,
C232,
C389,
CHLA259,
COGW408,
GBD1,
GH329,HELA
GH354,HELA
H1HELA,HELA
HCC1008,HCC1007; HCC1007BL
ICC1,
ICC11,ICC10; ICC106; ICC108
KHOS312H,KHOSNP
LPS21,
MP38,
NCCRBC51,
NCCRBC53,
NCCRBC54,
NCCRBC56,
NCCRBC57,
NCCRBC59,
NCCRBC67,
NCCRBC83,
NCCRBC92,
NCCRBCT1,
NCIH1672,NCIBL1672
NCIH187,
NCIH2135,
NCIH2195,NCIBL2195; NCIH2196; NCIH2198
NCIH345,
NCIH64,
NCIH847,
OCIP9A1 ,
ONDA11,NO11
PWR1E,
RC2,
RH3,RH28
RH5,
RMS13,
RS2,RS1
SKMEL19SKINCJ1,SKMEL19; SKMEL19SKINCJ2
SNU1553,
SNU334,
SUCCS1,
TGBC14TKB,
TTC516,
UACC1179,
UACC2087,
UACC732,
CHLA266,
COV413A,COV413B
EFM19,
NCIH209,NCIBL209
SIHA,
CORL105,
HS281T,
HS343T,
MCF10A,
ME180,SF767
MM170,
NCIH1184,NCIBL1184
NCIH1963,NCIBL1963
SNUATRT1,
SNUATRT5,
BECK10,
CAOV4,
VP303,
NCIH1417,
NCIH2171,NCIBL2171
HCT116ARID1AWT,
HCT116ARID1Amut,
NO10,ONDA10
RDPCDNA1,
SUDHL1,
U937NCB1,
U937NCB12,
U937NCB2A,
U937NCC4,
U937STAG2KOG2C5,
U937STAG2KOG2D5C,
U937STAG2KOG2E1,
U937STAG2KOG2G8B,
PATU8988T222,
PATU8988T853,
PATU8988T864,
PATU8988T875,
PATU8988TNTA,
PATU8988TNTD,
PATU8988TNTF,
A498,
A549BAXBAKDKO,
ALLSIL,
BEN,
BJHTERT,
BROLI,
BT483,
CACO2,C2BBE1
CAL148,
COLO668,
COLO677,RPMI8226; COLO775; RPMI8226
COLO680N,
CORL24,CORL103
CPCN,
DFCI024,
DLD1BAXBAKDKO,
DMS153,DMS154
DMS454,
DMS79,
DOHH2,
DOV13,
EB1,EB2
ECC12,
EFM192A,EFM192B; EFM192C
EVSAT,EvsaE
GA10,
GDM1,
HAED,
HBL1,
HCC1171,HCC1171BL
HCC1195,
HCC1438,
HCC1588,LS513
HCC1833,
HCC1897,
HCC2279,
HCC4006,
HCC78,HCC78BL
HCT116G9B,
HCT116PA,
HCT15,DLD1; HCT8; HCT15; HRT18
HEC108,
HEK293,
HEKTE,
HK2,
HMCB,RPMI7262; RPMI7272; RPMI7551; RPMI7781; RPMI7801; RPMI7922; RPMI7932; RPMI7962; RPMI7972; RPMI8002; RPMI8072; CHL1; COLO699
HMEL,
HOP92,143B; HTK; HOS
HOS,
HPBALL,
HRT18,DLD1; HCT8; HCT15; HRT18
HS172T,
HS229T,
HS255T,
HS600T,Hs600Sk
HS606T,Hs606Mg; Hs606Sk
HS616T,
HS618T,Hs618Lu
HS675T,
HS688AT,Hs688BT
HS698T,
HS706T,Hs706Sk
HS737T,Hs737Sk
HS739T,Hs739Sk
HS742T,Hs742Sk
HS819T,Hs819Sk
HS821T,Hs821Sk
HS822T,Hs822Sk
HS834T,
HS839T,
HS863T,
HS870T,Hs791Sk; Hs791T; Hs860T
HS888T,Hs888Lu; Hs888Sk; Hs894AT; Hs894BT; Hs894CT; Hs894DT; Hs894ELu; Hs899AT; Hs899BT; Hs899CT; Hs899DT
HS895T,Hs895Sk
HS934T,Hs906AM; Hs906BT; Hs906CSk; Hs906DMu; Hs935T
HS940T,
HSC4,
JHOM2B,
KG1,
KMH2,
KMS12PE,KMS12BM
KMS21BM,
KMS28BM,KMS28PE
LN414,
LN444,
MB157,
MDAMB134VI,
MFE296,
MG63,
MKL1,MKL1FB
MKL2,
MMNK1,
MOLP2,MOLP3
MOLP8,
MS1,
NCIH1341,
NCIH1385,
NCIH1563,
NCIH1618,
NCIH1651,
NCIH1734,
NCIH1755,
NCIH1781,
NCIH1819,NCIBL1819; NCIH1693
NCIH1838,
NCIH1869,
NCIH1930,
NCIH1993,NCIBL1993; NCIH2073; A549
NCIH2029,NCIH1994
NCIH2073,NCIBL1993; NCIH1993
NCIH2077,NCIBL2077
NCIH2081,
NCIH2085,
NCIH2106,
NCIH2227,
NCIH2228,
NCIH226,
NCIH2342,
NCIH2347,NCIBL2347
NCIH2444,
NCIH596,
NCIH69,
NCIH810,
NCIH820,
NCIH889,
NCIH929,
NHAHTDD,
NO11,ONDA11
NUDHL1,
OCILY10,KARPAS422
OCILY19,
OCILY3,
OELE,
OPM1,OPM2
OV56,
OVKATE,
PATU8988T219,
PATU8988T248,
PC9,PC14
PEDS037TFM,
PETA,
PFEIFFER,
PLB985,HL60
PRECLH,
RCC4,
RDP3F14,
RDP3F7,
RERFLCKJ,
RERFLCMS,
RERFLCSQ1,
RH18,RH18DM
RMS559,
RPE101,
RPE1A4D ,
RPE74,
RS5,
SALE,
SBC5,
SCC9,
SCLC21H,SCLC22H
SF763,
SF782,
SJRH30,RH30
SKLU1,
SKMEL28,
SKMEL31,
SKRC52,
SNB19,U251MG; U251; B217
SNU1214,
SNU899,
SUDHL5,
SUDHL6,
SUDHL8,
SUPB15,SUPB13
SW1353,
SW48BAXBAKDKO,
SW900,
T173,F173
T3M10,
TALL1,
TE125T,
TE14,
TE159T,
TIG3TD,
TO175T,
TOLEDO,
TOM1,
U138,
U266B1,U255; U268
U2932,
U373MG,
U937SMC3HET1,
U937SMC3HET2,
UACC893,
UTMC2,
VMRCRCZ,
WAGA,
WSUDLCL2,
LPS067,
LPS510,
MAMEL27,
MAMEL46,
NZM1,NZM2
NZM11,
NZM12,
NZM2,NZM1
NZM3,
NZM30,
NZM4,
NZM40,
NZM42,NZM48
NZM43,
NZM6,
NZM7,
ROS50,
SNU1066,
SEKI,
BHT101,
CAL62,
CI1,
CMK86,CMK115
ECGI10,
FTC133,FTC236; FTC238
HS611T,
LN428,
NCIH1836,
RI1,
TT2609C02,TT2609A02; TT2609B02
YD10B,
93T449,
95T1000,
CORL321,
HKA1,
HSC5,
HT,
JAR,
JM1,
JVM3,
KHM1B,KHM1A
KMLS1,
L1236,
L540,L538
LPS27,
LPS6,
MC116,
MEC1,MEC2
MHHCALL3,
MOLT16,MOLT17
RAJI,NC37
RCHACV,RCHADD
SW13,
SW954,
1618K,
8505C,
94T778,94T779
BICR3,
BJAB,
BV173,
CORL32,
DND39,
DOGKIT,
HCC1739BL,
KARPAS1718,
KASUMI2,
LC1SQSF,LC1sq; LC1F; LC1SQ
LO68,
LOUCY,
LPS141,
LPS853,
MEGA2,
MERO25,
MERO41,
MERO48A,Mero48b; Mero48c; Mero48d
MERO82,
MERO83,
MERO84,
MERO95,
MJ,
ML1,
MO,MoB
MOLM14,MOLM13
MOLM20,CNLBC1
MOLT3,MOLT4
MPNST14,
MPNST176,
MPNST605,
MPNST69,
MUTZ3,
NAMALWA,NAMALWAPNT
NCCIT,
OUMS27,
P12ICHIKAWA,
P3HR1,Jiyoye; JIYOYEP2003; 2B8
PEER,BE13
RAMOS,
SAT,
SCC3,
SNU2372,
ST486,
SUPT11,
TANOUE,ST; GRST
TASK1,
TR146,
UCSDAML1,
ULA,
UPCISCC029A,
UPCISCC072,
UPCISCC099,
UPCISCC111,
UPCISCC114,
UPCISCC172,
UPCISCC200,
VAESBJ,
VAL,
VMRCMELG,
VP267,VP229
WAOSEL,
HCT116,HCT116a; HCT116b
CHLA32,
CORL88,
HEP3B217,
LU65,
NCIH1975,
R262,
253JBV,253J
BDCM,
PEDS092T,
CHLA57,
CL11,CL11m
HS936T,
KPNSI9S,KPNSI
OCUM1,
RCM1,
SNU478,
SW948,
RERFGC1B,
SIGM5,
COLO320,COLO321
COLO684,COLO685; COLO704
CW2,
DND41,
HUG1N,HuG1
KMS12BM,KMS12PE
KO52,
LOXIMVI,
MOLT4,MOLT3
NCIH1793,
NCIH508,
NUGC4,
OCIM1,
QGP1,
RH41,Rh4
SKM1,
SNU1040,
SNU175,
SNU407,
TE15,
G401,
PANC0327,
PATU8988T,PaTu8988s
STM9101,
2313287,
1777NRPMET,
22RV1,CWR22
A1207,
A704,
ACHN,
AM38,
ASKA,
ATRT1,
BICR18,
BL2,IARC304
BT20,
BT474,
CA46,
CAL54,
CAL851,
CALU3,
CAPAN1,
CAPAN2,
CBAGPN,
CCRFCEM,AGRON; CEMC1; CEMC2
CHLA01,
CHLA10,CHLA9
CHLA200,
CHLA258,
CHLA9,CHLA10
CHLA99,
CHP126,CHP126BL
CL34,
COLO704,COLO684
COLO783,
COLO829,COLO829BL; COLO831; COLO832; COLO833; COLO834; COLO835; COLO838; COLO839; COLO845; COLO848; COLO849; COLO853; COLO857; COLO858; COLO794; COLO818; COLO800
CORL95,
CUEWS88755,
D384,
D556,
DAUDI,
DBTRG05MG,
DERL2,DERL7
DL,
DL40,
DMS114,
DMS273,
DU145,
ECC10,
FEPD,
FUJI,
FUOV1,
G361,
GMS10,
GOS3,U343MGa; U343
GP2D,GP5d
GRANTA519,
HCC1500,
HCC1569,
HCC1599,HCC1599BL
HCC2814,
HCC70,
HDMB03,
HDQP1,
HH,
HL60,EOSHL60; PLB985
HPAC,KCIMOH1
HPAFII,HPAF
HS704T,Hs704Sk
HUH28,
HUPT4,
HUT78,H9
IGR37,IGR39
IGROV1,
JHUEM2,
JHUEM3,
JL1,
KARPAS384,
KARPAS620,
KASUMI6,
KKU055,
KMRC2,
KPMRTRY,
KYM1,
LAMA84,
LAN6,
LC1F,LC1sq; LC1SQSF
LOUNH91,
LS123,
LS411N,
MDAMB175VII,
MDAMB361,
MDAPCA2B,MDAPCa2a
ME1,
MFE280,
MKN1,
MKN7,
MONOMAC6,MonoMac1
MOTN1,PLT2
MSKB9,
MTA,
NBLS,
NCIH1355,
NCIH146,
NCIH196,
NCIH2066,
NCIH2405,
NCIH3255,NCIH322
NUGC2,
OCIAML5,
PANC0213,
PL21,
R308,
RDP3F9,
RS411,
SKCO1,
SKNO1,
SKNSH,SHSY5Y
SNU1272,
SNU283,
SNU324,
SNU466,
SNU489,
SNU620,
SNU81,
SNU878,
SNUC1,
SNUC2A,SNUC2B
SNUC4,
SUMB004,
SW1990,
SW480,SW620
TE441T,
TE617T,
TT,
TTC1240,
ZR7530,ZR7527
D271,
CAL12T,
HUO9,HuO9N2
IM95,
M07E,M07
NCIH522,
SNU16,
SUMB002,
CHLA02ATRT,
CHLA04ATRT,
CHLA05ATRT,
CATES1B,
DV90,LS180
FM28,
FM45,
FM56,
FM57,
FM58,
FM6,
FM70,
FM72,
FM74,
FM78,
FM79,
FM81,FM76
FM82,
FM86,
FM88,
FM9,
FM92,
FM95,
FRM101,
FRM119,
FRM134,
FRM170,
FRM204,
GB2,
GRMEL3,
GRMEL8,
GRMEL9,
HUOCE,
ICC16,
ICC17,
ICC19,
JU77,
JURKAT,
LIM1863,
LIM1899,
LIM2099,
LIM2405,
LIM2537,
LIM2550,
LIM2551,
LPS26,
LPS407,
LPS774,
M21,
M24,
MAMEL1,
MAMEL10,
MAMEL11,
MAMEL15,
MAMEL19,
MAMEL20,
MAMEL21,
MAMEL23,
MAMEL25,
MAMEL28,
MAMEL30,
MAMEL32,
MAMEL33,
MAMEL38,
MAMEL4,
MAMEL40,
MAMEL47,
MAMEL51,
MAMEL52,
MAMEL55,
MAMEL56,
MAMEL6,
MAMEL65,
MAMEL7,
MAMEL71,
MAMEL74,
ME15392,LCL15392
ME501,
MEL1359,
MEL1479,
MEL624,
MELLE,
MELLG,
MELNT100,
MELNT200,
MELNT300,
MELNT500,
MELNT900,
MELSOE,
MELWL,
MM253,
MM466,
MM473,
MM485,
MM537,
MM576,
MM603,
MZMEL13,
MZMEL3,
MZMEL5,
NALM16 ,
NCIH1522,
NCIH1770,NCIBL1770
NCIH2107,NCIBL2107; NCIH2108
NCIH2108,NCIBL2107; NCIH2107
NIHOVCAR3,ONCODG1
NO36,
NRHLS1,
NZM5,
OCM3,SKMEL28
ONE58,
U937GC1A1,
U937GC3E1,
U937STAG2A2F11,
U937STAG2A2G4,
UKRVMEL13,
UKRVMEL17,
UKRVMEL2,
UKRVMEL25,
UKRVMEL3,
UKRVMEL30,
UKRVMEL31,
UKRVMEL38,
WM1366,
WM139,
WM1862,
WM75,WM373
WM852,
A4FUK,
HCC2450,
NCIH2196,NCIBL2195; NCIH2195; NCIH2198
OV17R,
OVSAHO,
HS707T,
OCIMY5,
C84,
CCLFPEDS0008T,
G401,
HCC1187,HCC1187BL
HS939T,Hs939Sk
JVM2,
SNU245,
UACC812,
A375SKINCJ3,A375; A375SKINCJ1; A375SKINCJ2; A373C6
HCC33,HCC33BL
SW756,
A375SKINCJ1,A375; A375SKINCJ3; A375SKINCJ2; A373C6
A375SKINCJ2,A375; A375SKINCJ1; A375SKINCJ3; A373C6
R256,
SKMEL19,SKMEL19SKINCJ1; SKMEL19SKINCJ2
SUM52PE,
CCLFPEDS0001T,PEDS005TSUSP
CCLFPEDS0003T,
NCIH1092,
127399,
143B,HOS; HTK
253J,253JBV
42MGBA,
5637,
59M,
639V,
647V,
697,
769P,
786O,
8305C,
8MGBA,
A101D,Hs294T
A2058,
A253,
A2780,A2780ADR; A2780CIS
A3KAW,
A427,
A431,
A549,NCIH1993; NCIH2073
,
ABC1,
ACCMESO1,
AGS,
AML193,
AMO1,
ASPC1,
AU565,SKBR3
BC3C,
BFTC905,
BFTC909,
BHY,
BICR16,
BICR22,
BICR31,
BICR56,
BICR6,
BICR78,
BIN67,
BL70,
BT12,
BT16,
BT549,
C2BBE1,CACO2
C32,
C33A,
C80,
C8166,
,
CAKI1,
CAKI2,
CAL27,
CAL29,
CAL33,
CAL51,
CAL78,
CALU1,
CALU6,
CAMA1,
CAOV3,
CAS1,
CASKI,
CCFSTTG1,
CCK81,
CFPAC1,
CH157MN,
CHAGOK1,
CHLA06ATRT,
CHLA15,
CHP212,
CJM,
CL40,
CME1,
CMLT1,
COGAR359,
COGE352,
COGN278,
COGN305,
COLO201,COLO205; COLO206; COLO206F
COLO678,
COLO679,
COLO792,
COLO800,COLO794; COLO818
CORL23,CORL23CPR
CORL279,
CORL311,
CORL47,
COV318,
COV362,
COV434,
COV504,
COV644,
CW9019,
D283MED,
D341,
D425,D458
D458,D425
DANG,
DAOY,
DB,
DEL,
DETROIT562,
DKMG,
DLD1,HRT18; HCT15
DU4475,
EFE184,
EFO21,
EFO27,
EJM,
EKVX,
EM2,
EN,
EOL1,
EPLC272H,
ES2,
ESO26,
ESO51,
ESS1,
,
F36P,
F5,
FADU,
FLO1,
FU97,
G292CLONEA141B1,
GAMG,
GB1,
GCIY,
GCT,
GI1,
GP5D,GP2D
GSS,
GSU,
H103,
H4,
HARA,
HB1119,
HCC1143,
HCC1359,
HCC1395,
HCC1419,
HCC1428,
HCC15,
HCC1806,
HCC1937,
HCC1954,
HCC202,
HCC2429,
HCC2935,
HCC366,
HCC461,
HCC515,
HCC56,
HCC827,HCC827GR5
HCC827GR5,HCC827
HCC95,
HDMYZ,
HEC151,
HEC1A,HEC1B; HEC1
HEC1B,HEC1A; HEC1
HEC251,
HEC265,
HEC50B,
HEC59,
HEC6,
HEL,HEL9217
HEPG2,C3A
HEYA8,HEY; HEYC2
HGC27,
HLF,HLE
HMC18,HLC1
HOP62,
HS578T,
HS683,
HS695T,
HS729,
HS746T,
HS766T,
HS852T,
HS944T,
HSB2,
HSC2,
HSC3,
HT1080,
HT115,
HT1197,
HT1376,
HT144,HT144SKINFV1; HT144SKINFV2; HT144SKINFV3
,
HT55,
HUH1,
HUH6,
HUH7,
HUNS1,
HUPT3,
HUTU80,AZ521
IALM,
IGR1,
IGR39,IGR37
IMR32,IMR5
INA6,
IPC298,
ISTMES1,
ISTMES2,
J82,
JHC7,
JHH1,
JHH2,
JHH4,
JHH5,
JHH6,
JHH7,
JHOC5,
JHOM1,
JHOS2,
JHOS4,
JHUEM1,
JHUEM7,
JIMT1,
JJN3,
JMSU1,
JMURTK2,
JOPACA1,
JR,
K029AX,
KALS1,
KARPAS299,
KARPAS422,OCILY10
KASUMI1,
KE39,
KELLY,
KIJK,
KLE,
KM12,
KMBC2,
KMM1,
KMRC1,
KMRC20,
KMS11,
KMS18,KE97
KMS20,
KMS26,
KMS27,
KMS34,
KNS42,
KNS60,
KNS62,
KNS81,KNS81FD
KP2,
KP3,KP3L
KP4,
KPL1,MCF7
KPNYN,
KS1,
KU1919,
KURAMOCHI,KURAMOCHIES1; KURAMOCHIES2
KYO1,
KYSE140,
KYSE150,
KYSE180,
KYSE270,
KYSE30,
KYSE410,
KYSE450,
KYSE510,
KYSE520,
KYSE70,
L363,
L82,
LCLC103H,
LCLC97TM1,
LI7,
LK2,
LMSU,
LN18,
LN235,
LN319,
LN382,
LN443,
LN464,ACN
LNZ308,LNZTA3WT4; LNZTA3WT11
LOVO,
LP1,
LS1034,
LS180,
LS513,HCC1588
LU99,
LUDLU1,
LXF289,
M059K,M059J
MAC2A,
MALME3M,
MCAS,
MCC13,
MCC142,
MCC26,
MCF7,KPL1
MDAMB157,
MDAMB231,
MDAMB415,
MDAMB435S,M14
MDAMB436,
MDAMB453,
MDAMB468,
MDST8,
MELHO,
MELJUSO,
MFE319,
MHHNB11,
MIAPACA2,
MKN45,
MKN74,MKN28
MM1S,
MM383,
MM426,
MOLM13,
MORCPR,
MPP89,
MS751,
MSTO211H,
MUGCHOR1,
MV411,
MYLA,
NALM6,
NB1,
NB4,
NCIH1048,
NCIH1299,
NCIH1339,
NCIH1437,
NCIH1568,
NCIH1573,
NCIH1581,
NCIH1648,
NCIH1650,
NCIH1666,
NCIH1693,NCIH1819
NCIH1703,
NCIH1792,
NCIH1915,
NCIH1944,
NCIH2023,
NCIH2030,
NCIH2052,
NCIH2087,
NCIH211,
NCIH2110,
NCIH2122,
NCIH2126,
NCIH2170,
NCIH2172,
NCIH2286,
NCIH2291,
NCIH23,
NCIH2452,
NCIH28,
NCIH2882,
NCIH2887,
NCIH292,
NCIH3122,
NCIH322,NCIH3255
NCIH441,
NCIH446,
NCIH460,
NCIH520,
NCIH526,
NCIH647,
NCIH716,
NCIH747,
NCIH838,
NCIH841,
NCIN87,
NH6,
NMCG1,
NOMO1,
NUGC3,
OACM51,
OAW28,
OCIAML2,
OCIAML3,
OCIMY7,
OE21,
OE33,
ONCODG1,NIHOVCAR3
ONS76,
OSRC2,
OUMS23,
OV7,
OV90,
OVCAR5,
OVCAR8,
OVISE,
OVK18,
OVMANA,
OVTOKO,
P31FUJ,
PA1,
PANC0203,
PANC0403,
PANC1005,PL45
PATU8988S,PATU8988T
PC14,PC9
PEA1,
PECAPJ15,
PECAPJ34CLONEC12,
PECAPJ41CLONED2,
PECAPJ49,
PF382,
PK1,KLM1
PK45H,
PLCPRF5,ALEXANDER
PSN1,GRM
RCC10RGB,
RD,
,
REH,
RERFLCAD1,
RERFLCAI,
RH28,
RH30,SJRH30
RH4,
RHJT,
RKN,
RKO,
RMUGS,
RPMI7951,
RPMI8226,COLO775; COLO677
RT112,RT11284
RT11284,RT112
RT4,
RVH421,RVH421SKINFV1
S117,
SAOS2,
SCABER,
SCC25,
SCC4,
SCS214,
SEM,
SEMK2,
SF172,
SF268,
SF295,
SF767,ME180
SH10TC,
SHP77,
SIMA,
SJSA1,
SKBR3,AU565
,
SKGT2,
SKGT4,
SKHEP1,
SKMEL2,
SKMEL24,
SKMEL30,
SKMES1,RERFLCMA
SKMM2,
SKNAS,
SKNBE2,BE2M17
SKNDZ,
SKNFI,
SKNMC,MCIXC
SKOV3,
,
SKUT1,
SLR20,T24
SLR23,
SLR24,
SLR26,
SMSCTR,
SMZ1,
SNB75,
SNGM,
SNU1,
SNU1033,
SNU1041,
SNU1076,
SNU1077,
SNU1079,
SNU1105,
SNU1196,
SNU182,
SNU201,
SNU213,
SNU216,
SNU308,
SNU349,
SNU387,
SNU398,
SNU410,
SNU423,
SNU449,
SNU475,
SNU503,
SNU601,
SNU685,
SNU719,
SNU761,
SNU8,
SNU840,
SNU886,
SR786,
SUDHL4,
SUIT2,
SUM299PE,
SUPM2,
SUPT1,
SW1088,
SW1463,
SW1573,
SW403,
SW48,
SW579,CGTHW1
SW620,SW480
SW837,
SW982,
SYO1,
T24,ACCS; SLR20
T3M4,
T84,
T98G,
TC106,
TC138,
TC205,
TC32,
TCCPAN2,
TCCSUP,
TE1,
TE10,
TE11,
TE4,
TE5,
TE6,
TE8,
TE9,
TEN,
TF1,
THP1,
TM31,
TO14,
TOV21G,
TTC549,
TUHR10TKB,
TUHR14TKB,
TUHR4TKB,
U118MG,U138MG; 1321N1
U178,
U251MG,
U2OS,
U343,GOS3
U87MG,
U937,TUR
UACC257,
UACC62,UACC62SKINCJ1
UCH2,
UMCHOR1,
UMUC1,
UMUC11,
UMUC13,
UMUC14,
UMUC3,
UMUC9,
UOK101,
UPCISCC152,UPCISCC90; SCC90; SCC152
UW228,
VMCUB1,
VMRCRCW,
WM115,WM2664
WM1799,
WM2664,WM115
WM793,
WM983B,
YAMATO,
YAPC,
YD15,
YD38,
YD8,
YH13,
YKG1,
ZR751,YMB1; YMB1E
HEL9217,HEL
MONOMAC1,MONOMAC6
NCIH1395,
RPMI8402,
UMUC4,
A204,
A375,A373C6; A375SKINCJ3; A375SKINCJ1; A375SKINCJ2
A673,
A673STAG2KO16,
A673STAG2KO45,
A673STAG2NT14,
A673STAG2NT23,
BT12,
BT16,
BXPC3,
CADOES1,
CAL120,
COLO699,CHL1; HMCB
COLO741,
EW8,
EWS502,
G402,
HCC44,
HS294T,A101D
HT29,
K562,
KD,
L33,
LNCAPCLONEFGC,
MEWO,
MHHES1,
NCIH1373,
NCIH2004RT,
NCIH2009,
NCIH358,
PANC0813,
PANC1,KP1NL; KP1NL
PATU8902,
PC3,
RDES,
SKES1,
SKNEP1,
SKPNDW,
SU8686,
T47D,
TC32,
TC71,
TM87,
TOV112D,HS571T
TTC549,
TTC642,
TTC709,
U937STAG2KO1,
U937STAG2KO2,
U937STAG2NT1,
U937STAG2NT2,
CHL1,HMCB; COLO699
ISHIKAWAHERAKLIO02ER,HEK
MOLM6,
NCIH660,
NCIH661,
NCIH854,
NKL,
OAW42,
OC314,OC315; OC316
OC315,OC314; OC316
OCILY12,
OCILY132,
OVCAR4,OVCAR4ES1
REC1,
RH36,
SET2,
SKMEL3,
SNU119,
SQ1,
SW1710,
SW1783,
TYKNU,
HS860T,HS970T
SW1417,
NCCSTCK140,
SH4,
SKMEL5,
ACCS,T24
AZ521,HUTU80; AZH3C; AZH6C
BGC823,
C3A,HEPG2
CCLFPEDS0002T,
CCLFPEDS0004T,
CORL51,
HNT34,
KE37,
KNUD,
LPS141239,
LPS141266,
NCIH969,
NW145,
OCILY17,
PANC0504,
CMK,CMK115; CMK86
HCC2218,
1321N1,U118MG; U138MG
BCPAP,
PEDS172T,
CHLA218,
CHP134,
CMK115,CMK86
COLO205,COLO201; COLO206; COLO206F
COLO775,COLO677; RPMI8226
COLO794,COLO800; COLO818; COLO829
COLO818,COLO800; COLO829; COLO794
DM3,
EB2,EB1
FTC238,FTC133
GLC82,
HCC2157,
HCC2373,
HCT8,
HLC1,HMC18
HLE,HLF
HLFA,
HN,
HS274T,
HS604T,
HS751T,
HS840T,
HUT102,
KCIMOH1,HPAC
KP1N,KP1NL; PANC1
LC1,
M059J,M059K
MEC2,MEC1
MED311FHTC,
MESSA,MESSADX5
MOGGUVW,
MOLT13,
NALM19,
NCIH2141,
OC316,OC314; OC316
PCM6,
PEDS017,
PEDS019TBT,
PEDS030T,
PEDS056,
PEO4,PEO1; PEO6
PEO6,PEO1; PEO4
PL45,PANC1005
RPMI6666,
SF10067,
SF10074,
SF10767,
SF8657,
SKLMS1,
SKMEL19SKINCJ2,SKMEL19SKINCJ1; SKMEL19
SLR21,
SLR25,
SNU1197,
SUPHD1,
SW1116,
TK10,
UBLC1,
VMRCLCD,
VMRCLCP,
YMB1,ZR751
BECKER,
CGTHW1,SW579
A172,
GRM,PSN1
HCC364,
HTK,HOS; 143B
IOMMLEE,
JHESOAD1,
KLM1,PK1
LN215,
LN229,
MOGGCCM,
NCIH1435,
NCIH650,
NCIH684,
SNU61,
SNUC5,
U138MG,U118MG; 1321N1
UT7,
SNU520,
HCC2108,
1156QE8,
1411H,
21MT1,
21MT2,
21NT,
21PT,
451LU,
577MF,
833KE,
A129L,
ATN1,
BICR10,
CA922,
CCLFNEURO0003T,
CCLFNEURO0013T,
CCLFNEURO0021T,
CCLFNEURO0023T,
CCLFNEURO0026T,
CCLFNEURO0027T,
CCLFNEURO0031T,
CCLFNEURO0032T,
CCLFNEURO0034T,
CCLFNEURO0035T,
CCLFNEURO0037T,
CCLFPANC0005T,
CCLFPANC0006T,
CCLFPANC0008T,
CCLFPANC0010T,
CCLFPANC0014T,
CCLFPANC0021T,
CCLFPEDS0001T,
CCLFPEDS0017T2,
CCLFPEDS0021T,
CCLFPEDS0022T,
CCLFPEDS0023T,
CCLFPEDS0026T,
CCLFTHYR0008T,
CCLFUPGI0002T1,
CCLFUPGI0002T2,
CCLFUPGI0003T,
CCLFUPGI0004T,
CCLFUPGI0006T,
CCRFHSB2,
ECC4,
FLAM76,
FURPNT1,
FURPNT2,
H111TC,
H16N2,
H314,
HA1E,
HCC2998,
HDMAR2,
HGRT,
HHUA,
HIRSBM,
HKBMM,
HMMME,
HMVII,
HO1U1,
HOKUG,
HOTHC,
HOUAI,
HSKTC,
HSNB,
HSOS1,
HSPSS,
HSQ89,
HSSCH2,
HSSYII,
HTCC3,
HTMM,
HTMMT,
HTST,
ICC14,
ILTMAT,
KMRC3,
KPNNS,
KYAE1,
LAN5,
LCAM1,
LIM1215,
LPS695,
LU134A,
LU138,
LU139,
LU140,
LU141,
LU143,
LU165,
LU24,
MM138,
MMAC,
MS1,
MY,
NB16,
NB69,
NCCOVCK119,
NCCRBC39,
NCIH220,
NCIH295R,
NCIH524,
NCIH711,
NCIH719,
NCIH865,
NOS1,
NOS2,
NZOV9,
OCIAML6,
OCIP5X ,
OIH1,
OMM25,OMM22; OMM23; OMM26; Mel270
P2URK562,
P30OHK,
PEDS005TSUSP,PEDS005TPFAD
PK8,
PMFKO14,
RB247C,
RDPCDNA2,
RMSYM,
SA3,
SAS,
SCCH196,
SCCH26,
SKGIIIA,
SLVL,
SNU1528,
SNU1581,
SNU408,
T3M11,
T3M12,
T3M3,
T3M5,
TERA1,
TGBC18TKB,
TGBC50TKB,
TL1,
TN1,
TN2,
TT,
TT1TKB,
TUHR25TKB,
TUHR3TKB,
TY82,
U937GC13,
U937SMC3H10,
U937SMC3H8,
U937STAG2A2,
U937STAG2E10,
UACC462,
WAHT,
YNH1,
ANGMCSS,
HCC38,
PK59,
STM9101,
MERO14,
TGBC11TKB,
VCAP,
BLUE1,
C10,
C75,
DOTC24510,
EGI1,
,
,
GIMEN,
HMY1,
HSC1,
HUCCT1,
JURLMK1,
KATOIII,
KCL22,
KE97,KMS18
KKU100,
LAN2,
MEL202,
MM127,
MM370,
MM386,
MON,
NB1643,
NMB,
OCIC5X,
PACADD119,
PACADD137,
PACADD165,
RL952,
SF126,
SF539,
SISO,
SKNEP1,
SNU46,
SNU668,
SUDHL10,
SUM149PT,
SUM159PT,
SW1271,
TC71,
TTC442,
TTC642,
UMUC10,
UMUC16,
UMUC6,
UMUC7,
MON,
BL41,
COGH430,
DOGUM,
KP1NL,KP1N; PANC1
MHHCALL2,
MP41,
ONDA10,NO10
SNUC2B,SNUC2A
HAP1,HAP1MLH1KO
HAP1MLH1KO,HAP1
PEDS078,
PEDS117,
PEDS110,
SUM229PE,
C70,
HS704,
HS445,RMZRC2; RMZRC5
HS926T,
CAR1,
RMZ,
CCA,
UCH17S,
UCH7,
WM3211,
WM4235,
M040416,
M140325,
M1610113,
C079,
D10,
MESOV,
IOWA1T,
SUDHL2,
NCIH498,
MAVER1,
HS602,
Z138,NCIH1876; NCIH1881
NCIH1882,
NCIH676B,NCIBL1688
NCIH1688,
NCIH740,E006AA
E006AAHT,
HS257T,HS769BI; HS769MU; MS769UT; HS769VG
HS769T,
NTERA2CLD1,HBL6
BC1,
BC2,KS1
BC3,
EB3,
NCIH920,
CHLA03AA,
UACC3199,
40291,
176592,
SNU2292,
SNU739,
SNU251,
SNU333,
SNU1327,
SNU1684,
SNU267,
SNU1330,
SNU977,
SNU2535,
SNU1411,
SNU482,
SNU1460,
SNU254,
SNU1967,
SNU1235,
SNU228,SNU769A
SNU769B,
SNU1746,
SNU484,
BICR82,
OCIU1A,
OCIP7A,
OCIP2A,
UOCM1,JIM1
JIM3,
OCIC1P,
FCIP2P,
UACC1598,
NJG,
RH6,SW480
SW527,PEA1
PEA2,FTC133; FTC238
FTC236,
MOB,
PSS031,LS513
SNU1958,
SNGII,
LI90,
SR,OCIP9A1
OCIP9A2,
NUTOS,
RMS,
NRS1,
RUCH2,
RUCH3,
MAMEL14,OMM22; OMM23; OMM25; OMM26; MEL270
OMM23,OMM22; MAMEL14; OMM25; OMM26; MEL270
MSDASH1,
PATU8988TKRASKOSG2219,PATU8988T; PATU8988S
PATU8988TKRASKOSG2222,PATU8988T; PATU8988S
PATU8988TKRASKOSG2248,PATU8988T; PATU8988S
PATU8988TKRASKOSG8853,PATU8988T; PATU8988S
PATU8988TKRASKOSG8864,PATU8988T; PATU8988S
PATU8988TKRASKOSG8875,PATU8988T; PATU8988S
PATU8988TKRASNTA,PATU8988T; PATU8988S
PATU8988TKRASNTD,PATU8988T; PATU8988S
PATU8988TKRASNTF,PATU8988T; PATU8988S
RPE1A4D,
HCT116ARID1AHOM,
HCT116ARID1AKOHD104049,
MED311,
OCIP5X,
OCIP9A1,OCIP9A2
PEDS019,
CCLFPEDS0018T,
NALM16,
CARNAVAL,
GRANTA452,
MEGAL,
MHHTALL2,
1794,
CCC5,
CX03,
ELF153,
ETCC016,
FKH1,
GFD8,
JIH5,
JVE015,
JVE017,
JVE059,
JVE109,
JVE114,
JVE127,
JVE187,
JVE192,
JVE207,
JVE222,
JVE253,
JVE367,
JVE371,
JVE528,
KASUMI3,
KP363T,
LAN1,
LAZ221,LAZ388
MAPACHS77,
MCC60,
MKPL1,
SH2,
TK6,
U2946,
WILL1,
WILL2,
170MGBA,
583MGBA,
BLN3,
WM3772F,WM3618F
PSS141,
PSS050,
PSS112,
ST8814,
908TL,
S462,
SNF962,
STS26T,
CCLFNEURO0029T,
CCLFNEURO0045T,
CCLFNEURO0038T,
CCLFNEURO0025T,
CCLFNEURO0047T,
CCLFNEURO0024T,
CCLFNEURO0033T,
OANC1,
TB471,
IS076P,
IS076A,
IMSM2,
DL221,
CMS,
MPNST724,
CCLFNEURO0039T,
CCLFNEURO0040T,
SNU1181,
SNU1406,
SNU1750,
UMHACC2A,
CCLFNEURO0054T,
CCLFNEURO0055T,
CCLFNEURO0056T,
MO91,
OSUDES76,
OSUDES91,
OSUDES168,
OSUDES236,
OSUDES13,
OSUDES23,
OSUDES157,
OSUDES186,
OSUDES9,
OSUDES93,
NCCCCS1X4C1,NCCCCS1BC1; NCCCCS1BX2C1
NCCCCS1BC1,NCCCCS1X4C1; NCCCCS1BX2C1
NCCCCS1BX2C1,NCCCCS1X4C1; NCCCCS1BC1
NCCCDS1X1C1,NCCCDS1X3C1
NCCCDS1X3C1,NCCCDS1X1C1
NCCDCS1C1,
NCCDFSP1C1,
NCCDFSP2C1,
NCCES1C1,
NCCLMS1C1,NCCLMS1X3C1
NCCLMS1X3C1,NCCLMS1C1
NCCMFS1C1,
NCCMPNST1C1,
NCCMPNST2C1,
NCCMPNST3C1,NCCMPNST3X2C1
NCCMPNST3X2C1,NCCMPNST3C1
NCCMPNST4C1,
NCCMPNST5C1,
NCCOS1X2C1,
NCCOS2C1,
NCCPRMS1C1,NCCPRMS1X4C1
NCCPRMS1X4C1,NCCPRMS1C1
NCCSS1C1,
NCCSS2C1,
NCCUPS1C1,NCCUPS1X3C1
NCCUPS1X3C1,NCCUPS1C1
NCCUPS2C1,
KURAMOCHIES1,KURAMOCHI; KURAMOCHIES2
KURAMOCHIES2,KURAMOCHI; KURAMOCHIES1
OVCAR4ES1,OVCAR4